"STATION","DATE","LATITUDE","LONGITUDE","ELEVATION","NAME","TEMP","TEMP_ATTRIBUTES","DEWP","DEWP_ATTRIBUTES","SLP","SLP_ATTRIBUTES","STP","STP_ATTRIBUTES","VISIB","VISIB_ATTRIBUTES","WDSP","WDSP_ATTRIBUTES","MXSPD","GUST","MAX","MAX_ATTRIBUTES","MIN","MIN_ATTRIBUTES","PRCP","PRCP_ATTRIBUTES","SNDP","FRSHTT"
"72483023232","2021-01-01","38.50659","-121.49604","5.9","SACRAMENTO AIRPORT ASOS, CA US","  46.8","24","  39.0","24","1020.3","19","019.8","24","  6.4","24","  5.1","24"," 13.0","999.9","  60.1"," ","  35.1"," "," 0.00","G","999.9","100000"
"72483023232","2021-01-02","38.50659","-121.49604","5.9","SACRAMENTO AIRPORT ASOS, CA US","  48.4","24","  43.8","24","1023.8","21","023.2","24","  5.1","24","  2.5","24","  7.0","999.9","  55.0"," ","  35.1"," "," 0.02","G","999.9","010000"
"72483023232","2021-01-03","38.50659","-121.49604","5.9","SACRAMENTO AIRPORT ASOS, CA US","  49.7","24","  46.9","24","1024.2","12","023.4","24","  3.8","24","  1.3","24","  5.1","999.9","  57.0"," ","  46.0"," "," 0.03","G","999.9","100000"
"72483023232","2021-01-04","38.50659","-121.49604","5.9","SACRAMENTO AIRPORT ASOS, CA US","  52.3","24","  48.4","24","1020.4","20","019.2","24","  5.9","24","  5.6","24"," 15.9"," 25.1","  59.0"," ","  46.9"," "," 0.03","G","999.9","010000"
"72483023232","2021-01-05","38.50659","-121.49604","5.9","SACRAMENTO AIRPORT ASOS, CA US","  46.6","24","  42.0","24","1024.0","19","023.5","24","  6.3","24","  4.2","24"," 11.1"," 18.1","  59.0"," ","  35.1"," "," 0.18","G","999.9","100000"
"72483023232","2021-01-06","38.50659","-121.49604","5.9","SACRAMENTO AIRPORT ASOS, CA US","  43.6","24","  40.3","24","1023.6","18","022.8","24","  4.4","24","  2.7","24"," 14.0","999.9","  57.9"," ","  34.0"," "," 0.00","G","999.9","110000"
"72483023232","2021-01-07","38.50659","-121.49604","5.9","SACRAMENTO AIRPORT ASOS, CA US","  46.2","24","  42.0","24","1024.4","17","023.6","24","  6.9","24","  4.2","24","  8.9","999.9","  55.0"," ","  34.0"," "," 0.00","G","999.9","100000"
"72483023232","2021-01-08","38.50659","-121.49604","5.9","SACRAMENTO AIRPORT ASOS, CA US","  44.9","24","  41.0","24","1024.0","16","023.2","24","  3.8","24","  3.0","24","  8.9","999.9","  55.9"," ","  37.0"," "," 0.00","G","999.9","110000"
"72483023232","2021-01-09","38.50659","-121.49604","5.9","SACRAMENTO AIRPORT ASOS, CA US","  44.4","24","  38.1","24","1025.2","24","024.4","24","  8.3","24","  3.7","24","  8.9","999.9","  57.0"," ","  33.1"," "," 0.01","G","999.9","100000"
"72483023232","2021-01-10","38.50659","-121.49604","5.9","SACRAMENTO AIRPORT ASOS, CA US","  43.5","24","  39.0","24","1025.2","17","024.5","24","  4.7","24","  2.7","24","  6.0","999.9","  57.0"," ","  33.1"," "," 0.00","G","999.9","100000"
"72483023232","2021-01-11","38.50659","-121.49604","5.9","SACRAMENTO AIRPORT ASOS, CA US","  46.2","24","  40.1","24","1025.1","16","024.3","24","  4.4","24","  2.3","24","  7.0","999.9","  60.1"," ","  35.1"," "," 0.00","G","999.9","100000"
"72483023232","2021-01-12","38.50659","-121.49604","5.9","SACRAMENTO AIRPORT ASOS, CA US","  48.0","24","  42.6","24","1024.8","20","024.0","24","  3.6","24","  1.4","24","  6.0","999.9","  57.0"," ","  39.9"," "," 0.00","G","999.9","000000"
"72483023232","2021-01-13","38.50659","-121.49604","5.9","SACRAMENTO AIRPORT ASOS, CA US","  53.2","24","  46.8","24","1027.9","21","027.0","24","  4.7","24","  3.4","24","  8.0","999.9","  66.0"," ","  39.9"," "," 0.00","G","999.9","010000"
"72483023232","2021-01-14","38.50659","-121.49604","5.9","SACRAMENTO AIRPORT ASOS, CA US","  51.1","24","  46.8","24","1027.7","19","026.8","24","  5.4","24","  4.9","24","  9.9","999.9","  66.0"," ","  41.0"," "," 0.00","G","999.9","100000"
"72483023232","2021-01-15","38.50659","-121.49604","5.9","SACRAMENTO AIRPORT ASOS, CA US","  48.4","24","  44.0","24","1026.6","15","025.9","24","  2.5","24","  1.1","24","  7.0","999.9","  63.0"," ","  37.9"," "," 0.00","G","999.9","100000"
"72483023232","2021-01-16","38.50659","-121.49604","5.9","SACRAMENTO AIRPORT ASOS, CA US","  53.8","24","  45.5","24","1022.7","22","021.8","24","  6.7","24","  2.3","24","  7.0","999.9","  70.0"," ","  37.9"," "," 0.00","G","999.9","100000"
"72483023232","2021-01-17","38.50659","-121.49604","5.9","SACRAMENTO AIRPORT ASOS, CA US","  53.7","24","  44.3","24","1019.8","22","019.0","24","  6.7","24","  0.7","24","  5.1","999.9","  70.0"," ","  39.9"," "," 0.00","G","999.9","000000"
"72483023232","2021-01-18","38.50659","-121.49604","5.9","SACRAMENTO AIRPORT ASOS, CA US","  58.0","24","  35.1","24","1015.0","24","014.1","24","  7.6","24","  9.2","24"," 27.0"," 35.9","  73.9"," ","  39.9"," "," 0.00","G","999.9","000000"
"72483023232","2021-01-19","38.50659","-121.49604","5.9","SACRAMENTO AIRPORT ASOS, CA US","  59.6","24","  18.5","24","1014.9","24","014.1","24"," 10.0","24"," 17.7","24"," 22.0"," 34.0","  73.9"," ","  44.1"," "," 0.00","G","999.9","000000"
"72483023232","2021-01-20","38.50659","-121.49604","5.9","SACRAMENTO AIRPORT ASOS, CA US","  52.5","24","  24.0","24","1018.4","24","017.6","24"," 10.0","24","  5.5","24","  9.9","999.9","  68.0"," ","  37.0"," "," 0.00","G","999.9","000000"
"72483023232","2021-01-21","38.50659","-121.49604","5.9","SACRAMENTO AIRPORT ASOS, CA US","  46.3","24","  28.9","24","1018.2","24","017.3","24"," 10.0","24","  1.2","24","  5.1","999.9","  66.9"," ","  32.0"," "," 0.00","G","999.9","000000"
"72483023232","2021-01-22","38.50659","-121.49604","5.9","SACRAMENTO AIRPORT ASOS, CA US","  50.5","24","  40.1","24","1013.0","20","012.0","24","  9.6","24","  6.8","24"," 15.0"," 26.0","  63.0"," ","  32.0"," "," 0.00","G","999.9","010000"
"72483023232","2021-01-23","38.50659","-121.49604","5.9","SACRAMENTO AIRPORT ASOS, CA US","  46.5","24","  41.1","24","1013.4","21","012.7","24","  9.3","24","  3.3","24","  8.9","999.9","  59.0"," ","  39.9"," "," 0.18","G","999.9","000000"
"72483023232","2021-01-24","38.50659","-121.49604","5.9","SACRAMENTO AIRPORT ASOS, CA US","  43.3","24","  36.7","24","1012.7","15","011.9","24","  8.0","24","  3.6","24","  9.9"," 17.1","  59.0"," ","  33.1"," "," 0.00","G","999.9","000000"
"72483023232","2021-01-25","38.50659","-121.49604","5.9","SACRAMENTO AIRPORT ASOS, CA US","  45.8","24","  35.8","24","1008.4","21","007.6","24","  9.7","24","  6.2","24"," 15.9"," 17.1","  54.0"," ","  33.1"," "," 0.19","G","999.9","010000"
"72483023232","2021-01-26","38.50659","-121.49604","5.9","SACRAMENTO AIRPORT ASOS, CA US","  39.1","24","  28.2","24","1012.1","24","011.2","24"," 10.0","24","  4.3","24"," 11.1"," 17.1","  54.0"," ","  27.0"," "," 0.02","G","999.9","000000"
"72483023232","2021-01-27","38.50659","-121.49604","5.9","SACRAMENTO AIRPORT ASOS, CA US","  45.9","24","  38.6","24","1008.8","22","007.8","24","  8.1","24"," 18.8","24"," 27.0"," 46.0","  51.1"," ","  27.0"," "," 0.73","G","999.9","010000"
"72483023232","2021-01-28","38.50659","-121.49604","5.9","SACRAMENTO AIRPORT ASOS, CA US","  48.7","24","  45.5","24","1007.6","16","006.6","24","  8.0","24"," 10.2","24"," 14.0"," 21.0","  51.1"," ","  41.0"," "," 0.72","G","999.9","010000"
"72483023232","2021-01-29","38.50659","-121.49604","5.9","SACRAMENTO AIRPORT ASOS, CA US","  47.3","24","  43.1","24","1010.6","14","009.6","24","  9.6","24","  3.7","24","  8.9","999.9","  53.1"," ","  44.1"," "," 0.32","G","999.9","010000"
"72483023232","2021-01-30","38.50659","-121.49604","5.9","SACRAMENTO AIRPORT ASOS, CA US","  47.3","24","  39.7","24","1020.5","24","019.7","24","  9.5","24","  2.3","24","  7.0","999.9","  59.0"," ","  39.9"," "," 0.09","G","999.9","000000"
"72483023232","2021-01-31","38.50659","-121.49604","5.9","SACRAMENTO AIRPORT ASOS, CA US","  52.7","24","  41.2","24","1021.7","24","020.8","23"," 10.0","24","  2.5","24","  8.0","999.9","  64.9"," ","  39.9"," "," 0.00","G","999.9","000000"
"72483023232","2021-02-01","38.50659","-121.49604","5.9","SACRAMENTO AIRPORT ASOS, CA US","  54.4","24","  43.5","24","1016.9","24","016.1","24","  9.8","24","  2.3","24","  9.9","999.9","  66.0"," ","  44.1"," "," 0.00","G","999.9","000000"
"72483023232","2021-02-02","38.50659","-121.49604","5.9","SACRAMENTO AIRPORT ASOS, CA US","  54.7","24","  48.1","24","1017.3","19","016.9","24","  8.0","24","  4.7","24","  8.0","999.9","  66.0"," ","  44.1"," "," 0.16","G","999.9","010000"
"72483023232","2021-02-03","38.50659","-121.49604","5.9","SACRAMENTO AIRPORT ASOS, CA US","  48.0","24","  41.9","24","1022.1","24","021.3","24","  9.9","24","  5.0","24","  9.9","999.9","  59.0"," ","  36.0"," "," 0.12","G","999.9","000000"
"72483023232","2021-02-04","38.50659","-121.49604","5.9","SACRAMENTO AIRPORT ASOS, CA US","  48.9","24","  37.0","24","1023.7","24","022.8","24"," 10.0","24","  6.9","24"," 11.1","999.9","  62.1"," ","  36.0"," "," 0.00","G","999.9","000000"
"72483023232","2021-02-05","38.50659","-121.49604","5.9","SACRAMENTO AIRPORT ASOS, CA US","  47.7","24","  35.1","24","1023.6","24","022.7","24","  9.6","24","  1.7","24","  6.0","999.9","  64.0"," ","  34.0"," "," 0.00","G","999.9","000000"
"72483023232","2021-02-06","38.50659","-121.49604","5.9","SACRAMENTO AIRPORT ASOS, CA US","  48.6","24","  38.7","24","1019.8","23","018.9","24","  8.5","24","  1.8","24","  6.0","999.9","  64.0"," ","  34.0"," "," 0.00","G","999.9","000000"
"72483023232","2021-02-07","38.50659","-121.49604","5.9","SACRAMENTO AIRPORT ASOS, CA US","  49.6","24","  40.5","24","1016.6","19","015.8","24","  6.5","24","  1.1","24","  6.0","999.9","  66.9"," ","  34.0"," "," 0.00","G","999.9","100000"
"72483023232","2021-02-08","38.50659","-121.49604","5.9","SACRAMENTO AIRPORT ASOS, CA US","  50.3","24","  40.7","24","1014.4","24","013.5","24","  8.8","24","  1.6","24","  5.1","999.9","  66.9"," ","  37.9"," "," 0.00","G","999.9","000000"
"72483023232","2021-02-09","38.50659","-121.49604","5.9","SACRAMENTO AIRPORT ASOS, CA US","  56.6","24","  46.7","24","1015.3","24","014.5","24","  9.3","24","  2.8","24","  7.0","999.9","  66.0"," ","  39.0"," "," 0.00","G","999.9","000000"
"72483023232","2021-02-10","38.50659","-121.49604","5.9","SACRAMENTO AIRPORT ASOS, CA US","  54.7","24","  45.7","24","1017.2","24","016.3","24"," 10.0","24","  2.6","24","  8.0","999.9","  66.9","*","  45.0","*"," 0.00","G","999.9","000000"
"72483023232","2021-02-11","38.50659","-121.49604","5.9","SACRAMENTO AIRPORT ASOS, CA US","  53.2","24","  44.3","24","1018.0","24","017.2","24"," 10.0","24","  5.5","24","  8.9","999.9","  64.0","*","  48.0","*"," 0.00","G","999.9","010000"
"72483023232","2021-02-12","38.50659","-121.49604","5.9","SACRAMENTO AIRPORT ASOS, CA US","  51.8","24","  45.5","24","1015.4","18","014.0","24","  8.7","24","  4.9","23","  9.9","999.9","  61.0","*","  45.0","*"," 0.50","G","999.9","010000"
"72483023232","2021-02-13","38.50659","-121.49604","5.9","SACRAMENTO AIRPORT ASOS, CA US","  55.9","24","  44.5","24","1015.3","23","014.4","24"," 10.0","24","  6.9","24"," 13.0"," 21.0","  66.0"," ","  51.1"," "," 0.00","G","999.9","000000"
"72483023232","2021-02-14","38.50659","-121.49604","5.9","SACRAMENTO AIRPORT ASOS, CA US","  50.6","24","  36.5","24","1017.4","24","016.5","24"," 10.0","24","  4.6","24","  8.0","999.9","  66.0"," ","  42.1"," "," 0.00","G","999.9","000000"
"72483023232","2021-02-15","38.50659","-121.49604","5.9","SACRAMENTO AIRPORT ASOS, CA US","  52.3","24","  46.2","24","1018.2","20","017.2","24","  9.8","24","  6.3","24","  9.9"," 17.1","  61.0"," ","  42.1"," "," 0.00","G","999.9","010000"
"72483023232","2021-02-16","38.50659","-121.49604","5.9","SACRAMENTO AIRPORT ASOS, CA US","  50.5","24","  43.7","24","1019.3","19","018.4","24","  7.0","24","  3.8","24","  8.9"," 15.0","  62.1","*","  39.2","*"," 0.00","G","999.9","100000"
"72483023232","2021-02-17","38.50659","-121.49604","5.9","SACRAMENTO AIRPORT ASOS, CA US","  51.0","24","  34.3","24","1021.0","24","020.2","24"," 10.0","24","  8.8","24"," 17.1"," 27.0","  63.0"," ","  39.9"," "," 0.00","G","999.9","000000"
"72483023232","2021-02-18","38.50659","-121.49604","5.9","SACRAMENTO AIRPORT ASOS, CA US","  49.1","24","  30.2","24","1025.7","24","024.8","24"," 10.0","24","  5.0","24"," 15.9"," 21.0","  62.1"," ","  34.0"," "," 0.00","G","999.9","000000"
"72483023232","2021-02-19","38.50659","-121.49604","5.9","SACRAMENTO AIRPORT ASOS, CA US","  52.4","24","  42.9","24","1027.0","18","026.0","24","  6.7","24","  2.4","23","  7.0","999.9","  61.0"," ","  34.0"," "," 0.01","G","999.9","010000"
"72483023232","2021-02-20","38.50659","-121.49604","5.9","SACRAMENTO AIRPORT ASOS, CA US","  50.3","24","  41.8","24","1025.1","22","024.1","24"," 10.0","24","  6.2","24"," 11.1"," 19.0","  57.9","*","  43.0","*"," 0.11","G","999.9","000000"
"72483023232","2021-02-21","38.50659","-121.49604","5.9","SACRAMENTO AIRPORT ASOS, CA US","  50.3","24","  35.4","24","1029.9","24","029.0","24"," 10.0","24","  5.7","24"," 12.0","999.9","  64.0","*","  39.9","*"," 0.05","G","999.9","000000"
"72483023232","2021-02-22","38.50659","-121.49604","5.9","SACRAMENTO AIRPORT ASOS, CA US","  51.4","24","  37.7","24","1027.4","24","026.5","24"," 10.0","24","  1.3","24","  5.1","999.9","  70.0"," ","  37.0"," "," 0.00","G","999.9","000000"
"72483023232","2021-02-23","38.50659","-121.49604","5.9","SACRAMENTO AIRPORT ASOS, CA US","  57.5","24","  36.5","24","1020.7","24","019.8","24"," 10.0","24","  6.9","24"," 20.0"," 28.0","  75.9"," ","  37.0"," "," 0.00","G","999.9","000000"
"72483023232","2021-02-24","38.50659","-121.49604","5.9","SACRAMENTO AIRPORT ASOS, CA US","  58.0","24","  24.1","24","1020.1","24","019.2","24"," 10.0","24"," 11.9","24"," 24.1"," 34.0","  75.9"," ","  39.0"," "," 0.00","G","999.9","000000"
"72483023232","2021-02-25","38.50659","-121.49604","5.9","SACRAMENTO AIRPORT ASOS, CA US","  54.1","24","  20.0","24","1024.1","24","023.2","24"," 10.0","24"," 12.2","24"," 22.0"," 35.0","  66.9"," ","  39.0"," "," 0.00","G","999.9","000000"
"72483023232","2021-02-26","38.50659","-121.49604","5.9","SACRAMENTO AIRPORT ASOS, CA US","  49.5","24","  29.5","24","1021.2","24","020.4","24"," 10.0","24","  2.2","24","  6.0","999.9","  66.9"," ","  34.0"," "," 0.00","G","999.9","000000"
"72483023232","2021-02-27","38.50659","-121.49604","5.9","SACRAMENTO AIRPORT ASOS, CA US","  53.4","24","  29.2","24","1019.4","24","018.5","24"," 10.0","24"," 10.9","24"," 17.1"," 25.1","  66.9"," ","  34.0"," "," 0.00","G","999.9","000000"
"72483023232","2021-02-28","38.50659","-121.49604","5.9","SACRAMENTO AIRPORT ASOS, CA US","  52.7","24","  27.3","24","1021.6","24","020.8","24"," 10.0","24","  6.6","24"," 14.0","999.9","  66.0"," ","  41.0"," "," 0.00","G","999.9","000000"
"72483023232","2021-03-01","38.50659","-121.49604","5.9","SACRAMENTO AIRPORT ASOS, CA US","  52.2","24","  32.8","24","1021.0","24","020.2","24"," 10.0","24","  1.7","24","  7.0","999.9","  70.0"," ","  37.0"," "," 0.00","G","999.9","000000"
"72483023232","2021-03-02","38.50659","-121.49604","5.9","SACRAMENTO AIRPORT ASOS, CA US","  54.6","24","  31.3","24","1015.2","24","014.3","24"," 10.0","24","  3.5","24","  7.0","999.9","  71.1"," ","  37.0"," "," 0.00","G","999.9","000000"
"72483023232","2021-03-03","38.50659","-121.49604","5.9","SACRAMENTO AIRPORT ASOS, CA US","  52.6","24","  33.0","24","1008.0","24","007.1","24"," 10.0","24","  2.6","24","  7.0","999.9","  71.1"," ","  39.0"," "," 0.00","G","999.9","000000"
"72483023232","2021-03-04","38.50659","-121.49604","5.9","SACRAMENTO AIRPORT ASOS, CA US","  52.0","24","  41.0","24","1019.1","24","018.3","24"," 10.0","24","  7.2","24"," 17.1"," 22.9","  66.0"," ","  39.0"," "," 0.00","G","999.9","000000"
"72483023232","2021-03-05","38.50659","-121.49604","5.9","SACRAMENTO AIRPORT ASOS, CA US","  53.2","24","  39.8","24","1022.5","24","021.6","24"," 10.0","24","  4.3","24","  8.9","999.9","  66.0"," ","  39.9"," "," 0.00","G","999.9","000000"
"72483023232","2021-03-06","38.50659","-121.49604","5.9","SACRAMENTO AIRPORT ASOS, CA US","  53.1","24","  42.5","24","1018.1","24","017.2","24","  9.8","24","  6.5","24"," 15.0"," 22.0","  66.0"," ","  39.9"," "," 0.13","G","999.9","010000"
"72483023232","2021-03-07","38.50659","-121.49604","5.9","SACRAMENTO AIRPORT ASOS, CA US","  49.8","24","  37.4","24","1019.3","24","018.4","24","  9.9","24","  3.2","24","  8.0","999.9","  64.9"," ","  37.0"," "," 0.00","I","999.9","000000"
"72483023232","2021-03-08","38.50659","-121.49604","5.9","SACRAMENTO AIRPORT ASOS, CA US","  52.0","24","  37.4","24","1019.1","24","018.2","24"," 10.0","24","  7.6","24"," 14.0"," 21.0","  64.9"," ","  37.0"," "," 0.00","G","999.9","000000"
"72483023232","2021-03-09","38.50659","-121.49604","5.9","SACRAMENTO AIRPORT ASOS, CA US","  48.5","24","  38.2","24","1021.2","23","020.2","24","  9.8","24","  4.5","23"," 11.1"," 14.0","  59.0"," ","  39.9"," "," 0.00","G","999.9","010010"
"72483023232","2021-03-10","38.50659","-121.49604","5.9","SACRAMENTO AIRPORT ASOS, CA US","  47.8","24","  41.4","24","1014.3","22","013.4","24","  9.2","24","  6.8","24"," 14.0"," 26.0","  57.9"," ","  39.9"," "," 0.29","G","999.9","010000"
"72483023232","2021-03-11","38.50659","-121.49604","5.9","SACRAMENTO AIRPORT ASOS, CA US","  44.4","24","  36.9","24","1017.8","22","016.4","24","  9.6","24","  5.6","24"," 13.0"," 14.0","  59.0"," ","  36.0"," "," 0.12","G","999.9","000000"
"72483023232","2021-03-12","38.50659","-121.49604","5.9","SACRAMENTO AIRPORT ASOS, CA US","  48.9","24","  34.7","24","1019.4","24","018.5","24"," 10.0","24","  3.2","24"," 13.0"," 20.0","  70.0"," ","  34.0"," "," 0.00","G","999.9","000000"
"72483023232","2021-03-13","38.50659","-121.49604","5.9","SACRAMENTO AIRPORT ASOS, CA US","  52.1","24","  37.3","24","1022.3","23","021.5","24"," 10.0","24","  6.1","24"," 12.0"," 17.1","  70.0"," ","  34.0"," "," 0.00","G","999.9","000000"
"72483023232","2021-03-14","38.50659","-121.49604","5.9","SACRAMENTO AIRPORT ASOS, CA US","  49.5","24","  39.0","24","1023.5","24","022.6","24"," 10.0","24","  7.3","24"," 11.1"," 15.9","  64.0"," ","  39.9"," "," 0.00","G","999.9","000000"
"72483023232","2021-03-15","38.50659","-121.49604","5.9","SACRAMENTO AIRPORT ASOS, CA US","  47.0","24","  37.2","24","1015.6","23","014.7","24","  9.6","24","  7.0","24"," 13.0"," 20.0","  57.0"," ","  37.0"," "," 0.12","G","999.9","010000"
"72483023232","2021-03-16","38.50659","-121.49604","5.9","SACRAMENTO AIRPORT ASOS, CA US","  45.8","24","  33.0","24","1016.7","24","015.8","24"," 10.0","24","  2.8","24","  8.0","999.9","  60.1"," ","  34.0"," "," 0.00","G","999.9","000000"
"72483023232","2021-03-17","38.50659","-121.49604","5.9","SACRAMENTO AIRPORT ASOS, CA US","  47.8","24","  37.6","24","1019.4","24","018.6","24"," 10.0","24","  2.5","24","  6.0","999.9","  60.1"," ","  34.0"," "," 0.00","G","999.9","000000"
"72483023232","2021-03-18","38.50659","-121.49604","5.9","SACRAMENTO AIRPORT ASOS, CA US","  52.1","24","  44.1","24","1018.7","22","017.8","24","  9.2","24","  2.9","24","  7.0","999.9","  59.0"," ","  36.0"," "," 0.00","G","999.9","010000"
"72483023232","2021-03-19","38.50659","-121.49604","5.9","SACRAMENTO AIRPORT ASOS, CA US","  54.2","24","  49.4","24","1021.2","17","020.0","24","  6.9","24","  3.0","24","  6.0","999.9","  62.1"," ","  46.0"," "," 0.40","G","999.9","110000"
"72483023232","2021-03-20","38.50659","-121.49604","5.9","SACRAMENTO AIRPORT ASOS, CA US","  50.1","24","  38.5","24","1023.0","24","022.2","24"," 10.0","24","  4.9","24","  9.9","999.9","  62.1"," ","  37.9"," "," 0.00","G","999.9","000000"
"72483023232","2021-03-21","38.50659","-121.49604","5.9","SACRAMENTO AIRPORT ASOS, CA US","  52.4","24","  34.4","24","1023.9","24","023.0","24"," 10.0","24","  8.0","24"," 17.1"," 22.0","  68.0"," ","  37.9"," "," 0.00","G","999.9","000000"
"72483023232","2021-03-22","38.50659","-121.49604","5.9","SACRAMENTO AIRPORT ASOS, CA US","  52.8","24","  38.3","24","1021.4","24","020.5","24"," 10.0","24","  4.2","24","  8.0","999.9","  68.0"," ","  45.0"," "," 0.00","G","999.9","000000"
"72483023232","2021-03-23","38.50659","-121.49604","5.9","SACRAMENTO AIRPORT ASOS, CA US","  56.0","24","  34.3","24","1017.4","24","016.5","24"," 10.0","24"," 12.1","24"," 25.1"," 33.0","  68.0"," ","  45.0"," "," 0.00","G","999.9","000000"
"72483023232","2021-03-24","38.50659","-121.49604","5.9","SACRAMENTO AIRPORT ASOS, CA US","  57.2","24","  24.0","24","1017.3","24","016.5","24"," 10.0","24","  7.8","24"," 18.1"," 26.0","  70.0"," ","  44.1"," "," 0.00","G","999.9","000000"
"72483023232","2021-03-25","38.50659","-121.49604","5.9","SACRAMENTO AIRPORT ASOS, CA US","  54.7","24","  37.9","24","1009.1","24","008.2","24"," 10.0","24","  5.1","24"," 12.0","999.9","  70.0"," ","  43.0"," "," 0.00","G","999.9","000000"
"72483023232","2021-03-26","38.50659","-121.49604","5.9","SACRAMENTO AIRPORT ASOS, CA US","  57.4","24","  33.4","24","1013.4","24","012.6","24"," 10.0","24","  8.6","24"," 14.0"," 21.0","  75.0"," ","  43.0"," "," 0.00","G","999.9","000000"
"72483023232","2021-03-27","38.50659","-121.49604","5.9","SACRAMENTO AIRPORT ASOS, CA US","  57.7","24","  34.5","24","1022.1","24","021.2","24"," 10.0","18","  2.7","24","  8.9","999.9","  75.0"," ","  39.9"," "," 0.00","G","999.9","000000"
"72483023232","2021-03-28","38.50659","-121.49604","5.9","SACRAMENTO AIRPORT ASOS, CA US","  61.4","24","  39.3","24","1023.8","24","023.0","24"," 10.0"," 4","  2.9","24","  8.9","999.9","  79.0"," ","  39.9"," "," 0.00","G","999.9","000000"
"72483023232","2021-03-29","38.50659","-121.49604","5.9","SACRAMENTO AIRPORT ASOS, CA US","  60.2","24","  38.0","24","1017.3","24","016.4","24"," 10.0","10","  5.9","24"," 14.0"," 18.1","  79.0"," ","  44.1"," "," 0.00","G","999.9","000000"
"72483023232","2021-03-30","38.50659","-121.49604","5.9","SACRAMENTO AIRPORT ASOS, CA US","  63.5","24","  21.1","24","1015.2","24","014.3","24"," 10.0","24"," 14.3","24"," 22.0"," 34.0","  80.1"," ","  44.1"," "," 0.00","G","999.9","000000"
"72483023232","2021-03-31","38.50659","-121.49604","5.9","SACRAMENTO AIRPORT ASOS, CA US","  64.3","24","  27.3","24","1018.9","24","018.0","24","  9.9","24","  5.8","24"," 17.1"," 24.1","  82.9"," ","  45.0"," "," 0.00","G","999.9","000000"
"72483023232","2021-04-01","38.50659","-121.49604","5.9","SACRAMENTO AIRPORT ASOS, CA US","  64.5","24","  39.2","24","1015.6","24","014.7","24"," 10.0","24","  2.0","24","  5.1","999.9","  84.9"," ","  45.0"," "," 0.00","G","999.9","000000"
"72483023232","2021-04-02","38.50659","-121.49604","5.9","SACRAMENTO AIRPORT ASOS, CA US","  65.7","24","  34.6","24","1013.3","24","012.4","24"," 10.0","24","  3.1","24","  8.0","999.9","  84.9"," ","  46.0"," "," 0.00","G","999.9","000000"
"72483023232","2021-04-03","38.50659","-121.49604","5.9","SACRAMENTO AIRPORT ASOS, CA US","  57.6","24","  40.8","24","1017.8","24","017.0","24"," 10.0","24","  8.7","24"," 13.0"," 19.0","  82.0"," ","  46.9"," "," 0.00","G","999.9","000000"
"72483023232","2021-04-04","38.50659","-121.49604","5.9","SACRAMENTO AIRPORT ASOS, CA US","  54.7","24","  42.0","24","1021.0","24","020.2","24"," 10.0","24","  5.3","24"," 12.0"," 20.0","  70.0"," ","  43.0"," "," 0.00","G","999.9","000000"
"72483023232","2021-04-05","38.50659","-121.49604","5.9","SACRAMENTO AIRPORT ASOS, CA US","  56.1","24","  43.6","24","1017.0","24","016.2","24"," 10.0","24","  7.6","24"," 12.0"," 19.0","  70.0"," ","  43.0"," "," 0.00","G","999.9","000000"
"72483023232","2021-04-06","38.50659","-121.49604","5.9","SACRAMENTO AIRPORT ASOS, CA US","  57.2","24","  45.1","24","1015.7","24","014.8","24"," 10.0","24","  5.3","23","  9.9"," 15.0","  75.0"," ","  46.0"," "," 0.00","G","999.9","000000"
"72483023232","2021-04-07","38.50659","-121.49604","5.9","SACRAMENTO AIRPORT ASOS, CA US","  56.9","24","  42.4","24","1018.6","24","017.8","24"," 10.0","24","  8.5","24"," 15.0"," 24.1","  75.0"," ","  46.0"," "," 0.00","G","999.9","000000"
"72483023232","2021-04-08","38.50659","-121.49604","5.9","SACRAMENTO AIRPORT ASOS, CA US","  55.7","24","  40.6","24","1020.0","24","019.1","24"," 10.0","24","  5.1","24"," 17.1"," 21.0","  77.0"," ","  44.1"," "," 0.00","G","999.9","000000"
"72483023232","2021-04-09","38.50659","-121.49604","5.9","SACRAMENTO AIRPORT ASOS, CA US","  60.2","24","  41.6","24","1018.0","24","017.1","24"," 10.0","24","  5.6","24","  9.9","999.9","  77.0"," ","  44.1"," "," 0.00","G","999.9","000000"
"72483023232","2021-04-10","38.50659","-121.49604","5.9","SACRAMENTO AIRPORT ASOS, CA US","  57.9","24","  42.9","24","1017.2","24","016.4","24"," 10.0","24","  5.8","23","  9.9"," 15.0","  80.1"," ","  45.0"," "," 0.00","G","999.9","000000"
"72483023232","2021-04-11","38.50659","-121.49604","5.9","SACRAMENTO AIRPORT ASOS, CA US","  62.2","24","  39.2","24","1012.0","24","011.0","24"," 10.0","24","  4.3","23","  9.9","999.9","  84.0"," ","  45.0"," "," 0.00","G","999.9","000000"
"72483023232","2021-04-12","38.50659","-121.49604","5.9","SACRAMENTO AIRPORT ASOS, CA US","  63.9","24","  37.8","24","1008.6","24","007.7","24"," 10.0","24","  3.7","24","  8.9","999.9","  84.9"," ","  45.0"," "," 0.00","G","999.9","000000"
"72483023232","2021-04-13","38.50659","-121.49604","5.9","SACRAMENTO AIRPORT ASOS, CA US","  61.8","24","  40.6","24","1007.8","24","007.0","24","  9.9","24","  8.5","24"," 13.0"," 20.0","  84.9"," ","  45.0"," "," 0.00","G","999.9","000000"
"72483023232","2021-04-14","38.50659","-121.49604","5.9","SACRAMENTO AIRPORT ASOS, CA US","  57.1","24","  39.4","24","1011.1","24","010.2","24","  9.8","24","  5.3","24"," 15.0"," 21.0","  75.0"," ","  43.0"," "," 0.00","G","999.9","000000"
"72483023232","2021-04-15","38.50659","-121.49604","5.9","SACRAMENTO AIRPORT ASOS, CA US","  59.3","24","  40.2","24","1015.4","24","014.6","24"," 10.0","24","  6.4","24"," 14.0"," 22.0","  75.9"," ","  43.0"," "," 0.00","G","999.9","000000"
"72483023232","2021-04-16","38.50659","-121.49604","5.9","SACRAMENTO AIRPORT ASOS, CA US","  60.4","24","  38.2","24","1014.9","24","014.0","24"," 10.0","24","  5.1","24"," 12.0"," 15.9","  82.9"," ","  44.1"," "," 0.00","G","999.9","000000"
"72483023232","2021-04-17","38.50659","-121.49604","5.9","SACRAMENTO AIRPORT ASOS, CA US","  65.3","24","  36.4","24","1014.6","24","013.7","24"," 10.0","24","  5.9","24"," 13.0"," 25.1","  89.1"," ","  44.1"," "," 0.00","G","999.9","000000"
"72483023232","2021-04-18","38.50659","-121.49604","5.9","SACRAMENTO AIRPORT ASOS, CA US","  70.9","24","  25.8","24","1017.4","24","016.5","24"," 10.0","24","  6.2","24"," 15.9"," 21.0","  91.0"," ","  45.0"," "," 0.00","G","999.9","000000"
"72483023232","2021-04-19","38.50659","-121.49604","5.9","SACRAMENTO AIRPORT ASOS, CA US","  67.1","24","  41.7","24","1016.6","24","015.7","24"," 10.0","24","  5.4","23","  9.9","999.9","  91.0"," ","  48.9"," "," 0.00","G","999.9","000000"
"72483023232","2021-04-20","38.50659","-121.49604","5.9","SACRAMENTO AIRPORT ASOS, CA US","  62.3","24","  44.4","24","1011.8","24","010.9","24"," 10.0","24","  7.3","24"," 13.0"," 21.0","  84.0"," ","  51.1"," "," 0.00","G","999.9","000000"
"72483023232","2021-04-21","38.50659","-121.49604","5.9","SACRAMENTO AIRPORT ASOS, CA US","  60.8","24","  44.2","24","1008.7","24","007.8","24","  9.9","24","  4.7","23"," 14.0"," 20.0","  79.0"," ","  46.9"," "," 0.00","G","999.9","000000"
"72483023232","2021-04-22","38.50659","-121.49604","5.9","SACRAMENTO AIRPORT ASOS, CA US","  58.1","24","  45.9","24","1010.6","22","009.9","24","  9.2","24","  9.2","24"," 14.0"," 20.0","  79.0"," ","  46.9"," "," 0.00","G","999.9","000000"
"72483023232","2021-04-23","38.50659","-121.49604","5.9","SACRAMENTO AIRPORT ASOS, CA US","  57.0","24","  45.7","24","1013.1","22","012.5","24","  9.5","24","  8.4","24"," 12.0"," 21.0","  73.9"," ","  48.0"," "," 0.00","G","999.9","000000"
"72483023232","2021-04-24","38.50659","-121.49604","5.9","SACRAMENTO AIRPORT ASOS, CA US","  57.3","24","  43.0","24","1014.7","24","013.9","24"," 10.0","24","  8.7","24"," 18.1"," 25.1","  73.9"," ","  48.0"," "," 0.00","G","999.9","000000"
"72483023232","2021-04-25","38.50659","-121.49604","5.9","SACRAMENTO AIRPORT ASOS, CA US","  55.9","24","  43.7","24","1012.4","24","011.6","24"," 10.0","24","  8.0","24"," 15.0"," 22.9","  70.0"," ","  50.0"," "," 0.00","G","999.9","010000"
"72483023232","2021-04-26","38.50659","-121.49604","5.9","SACRAMENTO AIRPORT ASOS, CA US","  52.8","24","  38.2","24","1012.0","24","011.1","21"," 10.0","24","  3.8","23","  8.9"," 18.1","  66.9"," ","  39.9"," "," 0.01","G","999.9","000000"
"72483023232","2021-04-27","38.50659","-121.49604","5.9","SACRAMENTO AIRPORT ASOS, CA US","  58.5","24","  35.8","24","1013.7","24","012.9","21"," 10.0","24","  6.6","24"," 13.0"," 19.0","  79.0"," ","  39.9"," "," 0.00","G","999.9","000000"
"72483023232","2021-04-28","38.50659","-121.49604","5.9","SACRAMENTO AIRPORT ASOS, CA US","  64.9","24","  35.2","24","1019.5","24","018.6","24"," 10.0","24","  3.1","24","  8.9"," 14.0","  88.0"," ","  41.0"," "," 0.00","G","999.9","000000"
"72483023232","2021-04-29","38.50659","-121.49604","5.9","SACRAMENTO AIRPORT ASOS, CA US","  69.6","24","  38.7","24","1020.7","24","019.9","24"," 10.0","24","  3.8","24","  8.0","999.9","  89.1"," ","  44.1"," "," 0.00","G","999.9","000000"
"72483023232","2021-04-30","38.50659","-121.49604","5.9","SACRAMENTO AIRPORT ASOS, CA US","  69.2","24","  43.1","24","1019.3","24","018.4","24"," 10.0","24","  4.9","24","  8.0","999.9","  89.1"," ","  51.1"," "," 0.00","G","999.9","000000"
"72483023232","2021-05-01","38.50659","-121.49604","5.9","SACRAMENTO AIRPORT ASOS, CA US","  63.4","24","  48.5","24","1014.5","24","013.7","24"," 10.0","24","  6.6","22"," 14.0"," 22.0","  86.0"," ","  50.0"," "," 0.00","G","999.9","000000"
"72483023232","2021-05-02","38.50659","-121.49604","5.9","SACRAMENTO AIRPORT ASOS, CA US","  66.2","24","  42.9","24","1011.9","24","011.0","24"," 10.0","24","  8.8","24"," 22.0"," 28.9","  84.9"," ","  48.9"," "," 0.00","G","999.9","000000"
"72483023232","2021-05-03","38.50659","-121.49604","5.9","SACRAMENTO AIRPORT ASOS, CA US","  73.8","24","  34.0","24","1011.2","24","010.3","24"," 10.0","24"," 11.8","24"," 19.0"," 25.1","  90.0"," ","  48.9"," "," 0.00","G","999.9","010000"
"72483023232","2021-05-04","38.50659","-121.49604","5.9","SACRAMENTO AIRPORT ASOS, CA US","  75.2","24","  38.9","24","1012.2","24","011.3","24"," 10.0","24","  5.5","24"," 13.0"," 19.0","  91.0"," ","  57.0"," "," 0.00","G","999.9","000000"
"72483023232","2021-05-05","38.50659","-121.49604","5.9","SACRAMENTO AIRPORT ASOS, CA US","  74.5","24","  45.4","24","1011.5","24","010.6","24"," 10.0","24","  3.2","24","  7.0","999.9","  93.0"," ","  55.0"," "," 0.00","G","999.9","000000"
"72483023232","2021-05-06","38.50659","-121.49604","5.9","SACRAMENTO AIRPORT ASOS, CA US","  66.7","24","  45.2","24","1013.5","24","012.7","24"," 10.0","24","  8.3","24"," 18.1"," 25.1","  93.0"," ","  51.1"," "," 0.00","G","999.9","000000"
"72483023232","2021-05-07","38.50659","-121.49604","5.9","SACRAMENTO AIRPORT ASOS, CA US","  63.5","24","  46.0","24","1015.2","24","014.3","24"," 10.0","24","  6.8","24"," 18.1"," 25.1","  84.0"," ","  51.1"," "," 0.00","G","999.9","000000"
"72483023232","2021-05-08","38.50659","-121.49604","5.9","SACRAMENTO AIRPORT ASOS, CA US","  71.1","24","  30.5","24","1015.0","24","014.1","24"," 10.0","24"," 13.4","24"," 22.9"," 31.1","  87.1"," ","  51.1"," "," 0.00","G","999.9","000000"
"72483023232","2021-05-09","38.50659","-121.49604","5.9","SACRAMENTO AIRPORT ASOS, CA US","  76.5","24","  34.0","24","1012.3","24","011.5","24"," 10.0","24"," 12.7","24"," 20.0"," 25.1","  89.1"," ","  61.0"," "," 0.00","G","999.9","000000"
"72483023232","2021-05-10","38.50659","-121.49604","5.9","SACRAMENTO AIRPORT ASOS, CA US","  75.5","24","  36.8","24","1009.7","24","008.8","24"," 10.0","24"," 10.9","24"," 19.0"," 25.1","  91.0"," ","  62.1"," "," 0.00","G","999.9","000000"
"72483023232","2021-05-11","38.50659","-121.49604","5.9","SACRAMENTO AIRPORT ASOS, CA US","  74.2","24","  37.6","24","1010.2","24","009.4","24"," 10.0","24","  3.8","24"," 13.0"," 20.0","  93.9","*","  53.1","*"," 0.00","G","999.9","000000"
"72483023232","2021-05-12","38.50659","-121.49604","5.9","SACRAMENTO AIRPORT ASOS, CA US","  74.1","24","  43.6","24","1012.2","24","011.3","24"," 10.0","24","  4.7","24","  9.9","999.9","  91.9","*","  57.0","*"," 0.00","G","999.9","000000"
"72483023232","2021-05-13","38.50659","-121.49604","5.9","SACRAMENTO AIRPORT ASOS, CA US","  68.0","24","  46.7","24","1014.2","24","013.3","24"," 10.0","24","  6.4","24","  8.9"," 15.9","  93.0"," ","  52.0"," "," 0.00","G","999.9","000000"
"72483023232","2021-05-14","38.50659","-121.49604","5.9","SACRAMENTO AIRPORT ASOS, CA US","  63.5","24","  50.0","24","1012.0","24","011.1","24"," 10.0","24","  7.3","24"," 12.0"," 19.0","  86.0"," ","  51.1"," "," 0.00","G","999.9","000000"
"72483023232","2021-05-15","38.50659","-121.49604","5.9","SACRAMENTO AIRPORT ASOS, CA US","  60.1","24","  48.1","24","1009.9","20","009.1","24"," 10.0","24","  8.9","23"," 12.0"," 25.1","  80.1"," ","  51.1"," "," 0.00","G","999.9","000000"
"72483023232","2021-05-16","38.50659","-121.49604","5.9","SACRAMENTO AIRPORT ASOS, CA US","  61.3","24","  49.2","24","1010.8","23","010.1","24"," 10.0","24","  8.4","24"," 13.0"," 20.0","  75.0"," ","  52.0"," "," 0.00","G","999.9","000000"
"72483023232","2021-05-17","38.50659","-121.49604","5.9","SACRAMENTO AIRPORT ASOS, CA US","  59.4","24","  48.5","24","1014.2","22","013.6","24"," 10.0","24","  9.3","24"," 17.1"," 25.1","  75.0"," ","  50.0"," "," 0.00","G","999.9","000000"
"72483023232","2021-05-18","38.50659","-121.49604","5.9","SACRAMENTO AIRPORT ASOS, CA US","  64.5","24","  47.6","24","1015.7","24","014.8","24"," 10.0","24","  6.3","24"," 12.0"," 19.0","  84.0"," ","  50.0"," "," 0.00","G","999.9","000000"
"72483023232","2021-05-19","38.50659","-121.49604","5.9","SACRAMENTO AIRPORT ASOS, CA US","  63.0","24","  40.0","24","1012.8","24","011.9","24"," 10.0","24","  8.0","24"," 14.0"," 21.0","  84.0"," ","  52.0"," "," 0.00","G","999.9","000000"
"72483023232","2021-05-20","38.50659","-121.49604","5.9","SACRAMENTO AIRPORT ASOS, CA US","  58.7","24","  33.4","24","1013.7","24","012.8","24"," 10.0","24","  7.7","24"," 18.1"," 27.0","  75.9"," ","  43.0"," "," 0.00","G","999.9","000000"
"72483023232","2021-05-21","38.50659","-121.49604","5.9","SACRAMENTO AIRPORT ASOS, CA US","  62.5","24","  30.6","24","1013.6","23","012.7","24"," 10.0","24"," 11.1","24"," 17.1"," 22.9","  75.0"," ","  43.0"," "," 0.01","G","999.9","010000"
"72483023232","2021-05-22","38.50659","-121.49604","5.9","SACRAMENTO AIRPORT ASOS, CA US","  62.5","24","  40.5","24","1015.5","23","014.5","24"," 10.0","24","  4.6","24"," 14.0"," 20.0","  80.1"," ","  46.0"," "," 0.00","G","999.9","000000"
"72483023232","2021-05-23","38.50659","-121.49604","5.9","SACRAMENTO AIRPORT ASOS, CA US","  63.4","24","  43.0","24","1017.6","24","016.7","24"," 10.0","24","  8.3","24"," 17.1"," 22.9","  80.1"," ","  46.0"," "," 0.00","G","999.9","000000"
"72483023232","2021-05-24","38.50659","-121.49604","5.9","SACRAMENTO AIRPORT ASOS, CA US","  67.5","24","  47.7","24","1018.0","24","017.2","24"," 10.0","24","  4.4","24","  8.9","999.9","  87.1"," ","  52.0"," "," 0.00","G","999.9","000000"
"72483023232","2021-05-25","38.50659","-121.49604","5.9","SACRAMENTO AIRPORT ASOS, CA US","  69.6","24","  48.1","24","1015.9","24","015.1","24"," 10.0","24","  5.4","24"," 14.0"," 17.1","  87.1"," ","  54.0"," "," 0.00","G","999.9","000000"
"72483023232","2021-05-26","38.50659","-121.49604","5.9","SACRAMENTO AIRPORT ASOS, CA US","  69.0","24","  46.1","24","1015.1","24","014.2","24"," 10.0","24","  5.0","24"," 13.0"," 17.1","  88.0"," ","  52.0"," "," 0.00","G","999.9","000000"
"72483023232","2021-05-27","38.50659","-121.49604","5.9","SACRAMENTO AIRPORT ASOS, CA US","  67.2","24","  46.1","24","1016.1","24","015.2","24"," 10.0","24","  6.8","23"," 13.0"," 19.0","  88.0"," ","  52.0"," "," 0.00","G","999.9","000000"
"72483023232","2021-05-28","38.50659","-121.49604","5.9","SACRAMENTO AIRPORT ASOS, CA US","  70.5","24","  52.9","24","1014.7","24","013.9","24"," 10.0","24","  5.4","24"," 14.0"," 19.0","  88.0"," ","  52.0"," "," 0.00","G","999.9","000000"
"72483023232","2021-05-29","38.50659","-121.49604","5.9","SACRAMENTO AIRPORT ASOS, CA US","  66.1","24","  49.9","24","1011.4","24","010.6","24"," 10.0","24","  8.0","24"," 12.0"," 18.1","  88.0"," ","  53.1"," "," 0.00","G","999.9","000000"
"72483023232","2021-05-30","38.50659","-121.49604","5.9","SACRAMENTO AIRPORT ASOS, CA US","  67.7","24","  50.2","24","1010.6","24","009.7","24","  9.8","24","  5.9","23"," 11.1"," 18.1","  97.0","*","  52.0","*"," 0.00","G","999.9","000000"
"72483023232","2021-05-31","38.50659","-121.49604","5.9","SACRAMENTO AIRPORT ASOS, CA US","  80.0","24","  50.7","24","1009.5","24","008.7","24"," 10.0","24","  4.1","24","  9.9","999.9"," 104.0"," ","  52.0"," "," 0.00","G","999.9","000000"
"72483023232","2021-06-01","38.50659","-121.49604","5.9","SACRAMENTO AIRPORT ASOS, CA US","  79.1","24","  51.4","24","1010.3","24","009.5","24"," 10.0","24","  6.0","24","  8.9"," 15.0"," 105.1"," ","  62.1"," "," 0.00","G","999.9","000000"
"72483023232","2021-06-02","38.50659","-121.49604","5.9","SACRAMENTO AIRPORT ASOS, CA US","  72.5","24","  52.2","24","1009.8","23","009.0","24","  9.8","24","  7.6","24"," 11.1"," 15.9","  91.0","*","  57.2","*"," 0.00","G","999.9","000000"
"72483023232","2021-06-03","38.50659","-121.49604","5.9","SACRAMENTO AIRPORT ASOS, CA US","  71.1","24","  53.8","24","1008.4","24","007.5","24"," 10.0","24","  4.9","24","  8.9"," 17.1","  95.0"," ","  55.0"," "," 0.00","G","999.9","000000"
"72483023232","2021-06-04","38.50659","-121.49604","5.9","SACRAMENTO AIRPORT ASOS, CA US","  75.7","24","  53.3","24","1009.2","24","008.3","24"," 10.0","24","  5.4","24","  8.9","999.9","  95.0"," ","  55.0"," "," 0.00","G","999.9","000000"
"72483023232","2021-06-05","38.50659","-121.49604","5.9","SACRAMENTO AIRPORT ASOS, CA US","  70.1","24","  51.4","24","1010.5","24","009.7","24"," 10.0","24","  6.5","24","  9.9"," 17.1","  91.9"," ","  55.9"," "," 0.00","G","999.9","000000"
"72483023232","2021-06-06","38.50659","-121.49604","5.9","SACRAMENTO AIRPORT ASOS, CA US","  72.8","24","  49.8","24","1007.3","24","006.5","24"," 10.0","24","  5.7","24"," 11.1"," 18.1","  90.0"," ","  55.9"," "," 0.00","G","999.9","000000"
"72483023232","2021-06-07","38.50659","-121.49604","5.9","SACRAMENTO AIRPORT ASOS, CA US","  67.6","24","  44.3","24","1007.9","24","007.0","24","  9.9","24","  9.0","24"," 14.0"," 26.0","  89.1"," ","  55.0"," "," 0.00","G","999.9","000000"
"72483023232","2021-06-08","38.50659","-121.49604","5.9","SACRAMENTO AIRPORT ASOS, CA US","  61.5","24","  42.7","24","1013.0","24","012.2","24"," 10.0","24"," 10.7","24"," 19.0"," 28.0","  79.0"," ","  51.1"," "," 0.00","G","999.9","000000"
"72483023232","2021-06-09","38.50659","-121.49604","5.9","SACRAMENTO AIRPORT ASOS, CA US","  60.5","24","  41.3","24","1017.6","24","016.8","24"," 10.0","24","  8.6","24"," 20.0"," 26.0","  73.9"," ","  50.0"," "," 0.00","G","999.9","000000"
"72483023232","2021-06-10","38.50659","-121.49604","5.9","SACRAMENTO AIRPORT ASOS, CA US","  60.3","24","  43.1","24","1021.8","24","020.9","24"," 10.0","24","  7.1","23"," 19.0"," 27.0","  75.9"," ","  48.9"," "," 0.00","G","999.9","000000"
"72483023232","2021-06-11","38.50659","-121.49604","5.9","SACRAMENTO AIRPORT ASOS, CA US","  64.5","24","  40.2","24","1017.9","24","017.0","24"," 10.0","24","  6.9","24"," 13.0"," 15.9","  82.0"," ","  48.9"," "," 0.00","G","999.9","000000"
"72483023232","2021-06-12","38.50659","-121.49604","5.9","SACRAMENTO AIRPORT ASOS, CA US","  71.5","24","  52.9","24","1014.5","24","013.6","24"," 10.0","24","  4.9","24"," 12.0"," 17.1","  90.0"," ","  51.1"," "," 0.00","G","999.9","000000"
"72483023232","2021-06-13","38.50659","-121.49604","5.9","SACRAMENTO AIRPORT ASOS, CA US","  73.8","24","  57.6","24","1011.3","24","010.4","24"," 10.0","24","  7.8","24"," 14.0"," 21.0","  90.0"," ","  59.0"," "," 0.00","G","999.9","000000"
"72483023232","2021-06-14","38.50659","-121.49604","5.9","SACRAMENTO AIRPORT ASOS, CA US","  71.9","24","  56.9","24","1014.6","24","013.7","24"," 10.0","24","  7.1","24"," 15.9"," 22.0","  88.0"," ","  61.0"," "," 0.00","G","999.9","000000"
"72483023232","2021-06-15","38.50659","-121.49604","5.9","SACRAMENTO AIRPORT ASOS, CA US","  69.6","24","  44.6","24","1017.0","24","016.2","24"," 10.0","24","  6.3","24"," 14.0"," 20.0","  91.0"," ","  54.0"," "," 0.00","G","999.9","000000"
"72483023232","2021-06-16","38.50659","-121.49604","5.9","SACRAMENTO AIRPORT ASOS, CA US","  77.2","24","  40.9","24","1014.5","24","013.7","24"," 10.0","24","  5.1","23","  9.9","999.9","  99.0"," ","  54.0"," "," 0.00","G","999.9","000000"
"72483023232","2021-06-17","38.50659","-121.49604","5.9","SACRAMENTO AIRPORT ASOS, CA US","  82.5","24","  47.1","24","1008.8","24","007.9","24"," 10.0","24","  3.7","24","  8.9","999.9"," 107.1"," ","  55.9"," "," 0.00","G","999.9","000000"
"72483023232","2021-06-18","38.50659","-121.49604","5.9","SACRAMENTO AIRPORT ASOS, CA US","  88.4","24","  48.2","24","1005.1","24","004.2","24"," 10.0","24","  3.4","23","  8.0","999.9"," 109.0"," ","  60.1"," "," 0.00","G","999.9","000000"
"72483023232","2021-06-19","38.50659","-121.49604","5.9","SACRAMENTO AIRPORT ASOS, CA US","  84.5","24","  46.0","24","1004.5","24","003.6","24"," 10.0","24","  6.8","24","  9.9","999.9"," 109.0"," ","  66.0"," "," 0.00","G","999.9","000000"
"72483023232","2021-06-20","38.50659","-121.49604","5.9","SACRAMENTO AIRPORT ASOS, CA US","  79.6","24","  48.3","24","1006.3","24","005.5","24"," 10.0","24","  7.1","24"," 11.1","999.9"," 102.0"," ","  63.0"," "," 0.00","G","999.9","000000"
"72483023232","2021-06-21","38.50659","-121.49604","5.9","SACRAMENTO AIRPORT ASOS, CA US","  72.5","24","  50.7","24","1009.7","24","008.8","24"," 10.0","24","  8.8","24"," 13.0"," 20.0","  99.0"," ","  57.9"," "," 0.00","G","999.9","000000"
"72483023232","2021-06-22","38.50659","-121.49604","5.9","SACRAMENTO AIRPORT ASOS, CA US","  69.0","24","  54.2","24","1011.0","24","010.1","24"," 10.0","24","  8.7","23"," 12.0"," 20.0","  88.0"," ","  57.9"," "," 0.00","G","999.9","000000"
"72483023232","2021-06-23","38.50659","-121.49604","5.9","SACRAMENTO AIRPORT ASOS, CA US","  70.0","24","  53.5","24","1010.9","24","010.1","24"," 10.0","24","  8.5","24"," 17.1"," 21.0","  86.0"," ","  57.9"," "," 0.00","G","999.9","000000"
"72483023232","2021-06-24","38.50659","-121.49604","5.9","SACRAMENTO AIRPORT ASOS, CA US","  69.7","24","  52.4","24","1013.5","24","012.6","24"," 10.0","24","  8.4","24"," 11.1"," 17.1","  87.1"," ","  57.0"," "," 0.00","G","999.9","000000"
"72483023232","2021-06-25","38.50659","-121.49604","5.9","SACRAMENTO AIRPORT ASOS, CA US","  70.0","24","  54.2","24","1013.5","24","012.6","24"," 10.0","24","  7.2","24"," 14.0"," 17.1","  91.0"," ","  55.9"," "," 0.00","G","999.9","000000"
"72483023232","2021-06-26","38.50659","-121.49604","5.9","SACRAMENTO AIRPORT ASOS, CA US","  72.6","24","  56.1","24","1011.3","24","010.4","24"," 10.0","24","  5.9","24","  9.9"," 15.9","  97.0"," ","  55.9"," "," 0.00","G","999.9","000000"
"72483023232","2021-06-27","38.50659","-121.49604","5.9","SACRAMENTO AIRPORT ASOS, CA US","  73.7","24","  56.5","24","1007.3","24","006.4","24"," 10.0","24","  7.3","24","  9.9"," 17.1","  97.0"," ","  57.0"," "," 0.00","G","999.9","000000"
"72483023232","2021-06-28","38.50659","-121.49604","5.9","SACRAMENTO AIRPORT ASOS, CA US","  72.2","24","  57.0","24","1005.8","24","005.0","24"," 10.0","24","  6.7","24","  9.9","999.9","  91.0"," ","  57.9"," "," 0.00","G","999.9","000000"
"72483023232","2021-06-29","38.50659","-121.49604","5.9","SACRAMENTO AIRPORT ASOS, CA US","  74.2","24","  56.6","24","1006.3","24","005.4","24"," 10.0","24","  6.2","24"," 13.0"," 18.1","  95.0"," ","  57.9"," "," 0.00","G","999.9","000000"
"72483023232","2021-06-30","38.50659","-121.49604","5.9","SACRAMENTO AIRPORT ASOS, CA US","  75.4","24","  57.1","24","1007.4","24","006.5","24"," 10.0","24","  7.3","24"," 12.0"," 18.1","  95.0"," ","  60.1"," "," 0.00","G","999.9","000000"
"72483023232","2021-07-01","38.50659","-121.49604","5.9","SACRAMENTO AIRPORT ASOS, CA US","  70.1","24","  56.9","24","1010.0","24","009.1","24"," 10.0","24","  9.4","24"," 14.0"," 19.0","  88.0"," ","  59.0"," "," 0.00","G","999.9","000000"
"72483023232","2021-07-02","38.50659","-121.49604","5.9","SACRAMENTO AIRPORT ASOS, CA US","  72.1","24","  56.3","24","1010.3","24","009.5","24"," 10.0","24","  7.2","24","  9.9"," 14.0","  96.1"," ","  57.9"," "," 0.00","G","999.9","000000"
"72483023232","2021-07-03","38.50659","-121.49604","5.9","SACRAMENTO AIRPORT ASOS, CA US","  72.3","24","  55.3","24","1010.8","24","009.9","24"," 10.0","24","  7.5","24","  9.9"," 15.0","  96.1"," ","  57.0"," "," 0.00","G","999.9","000000"
"72483023232","2021-07-04","38.50659","-121.49604","5.9","SACRAMENTO AIRPORT ASOS, CA US","  72.1","24","  54.8","24","1011.8","24","010.9","24"," 10.0","24","  8.1","24"," 12.0"," 18.1","  91.9"," ","  57.0"," "," 0.00","G","999.9","000000"
"72483023232","2021-07-05","38.50659","-121.49604","5.9","SACRAMENTO AIRPORT ASOS, CA US","  71.3","24","  54.8","24","1012.4","24","011.5","24"," 10.0","24","  7.1","24"," 11.1"," 15.9","  91.9"," ","  55.9"," "," 0.00","G","999.9","000000"
"72483023232","2021-07-06","38.50659","-121.49604","5.9","SACRAMENTO AIRPORT ASOS, CA US","  69.3","24","  54.5","24","1013.2","24","012.3","24"," 10.0","24","  7.5","24"," 12.0"," 21.0","  91.9"," ","  55.0"," "," 0.00","G","999.9","000000"
"72483023232","2021-07-07","38.50659","-121.49604","5.9","SACRAMENTO AIRPORT ASOS, CA US","  71.0","24","  52.7","24","1011.2","24","010.3","24"," 10.0","24","  6.1","24"," 12.0"," 19.0","  91.9"," ","  55.0"," "," 0.00","G","999.9","000000"
"72483023232","2021-07-08","38.50659","-121.49604","5.9","SACRAMENTO AIRPORT ASOS, CA US","  74.1","24","  52.8","24","1008.6","24","007.7","24"," 10.0","24","  4.5","24","  9.9","999.9"," 102.0"," ","  55.9"," "," 0.00","G","999.9","000000"
"72483023232","2021-07-09","38.50659","-121.49604","5.9","SACRAMENTO AIRPORT ASOS, CA US","  86.2","24","  50.0","24","1009.2","24","008.3","24"," 10.0","24","  3.2","24","  8.0","999.9"," 107.1"," ","  57.0"," "," 0.00","G","999.9","000000"
"72483023232","2021-07-10","38.50659","-121.49604","5.9","SACRAMENTO AIRPORT ASOS, CA US","  84.9","24","  51.1","24","1010.6","24","009.7","24"," 10.0","24","  4.6","24","  8.9","999.9"," 109.0"," ","  66.0"," "," 0.00","G","999.9","000000"
"72483023232","2021-07-11","38.50659","-121.49604","5.9","SACRAMENTO AIRPORT ASOS, CA US","  83.0","24","  51.8","24","1008.9","24","008.0","24"," 10.0","24","  6.0","23","  8.9","999.9"," 107.1","*","  66.9","*"," 0.00","G","999.9","000000"
"72483023232","2021-07-12","38.50659","-121.49604","5.9","SACRAMENTO AIRPORT ASOS, CA US","  72.2","24","  53.4","24","1009.0","24","008.1","24"," 10.0","24","  7.8","24"," 12.0"," 19.0","  99.0"," ","  55.9"," "," 0.00","G","999.9","000000"
"72483023232","2021-07-13","38.50659","-121.49604","5.9","SACRAMENTO AIRPORT ASOS, CA US","  68.4","24","  53.6","24","1009.2","24","008.3","24"," 10.0","24","  8.6","23"," 11.1"," 15.9","  91.0"," ","  55.0"," "," 0.00","G","999.9","000000"
"72483023232","2021-07-14","38.50659","-121.49604","5.9","SACRAMENTO AIRPORT ASOS, CA US","  67.9","24","  52.9","24","1010.9","24","010.1","24"," 10.0","24","  8.0","24"," 11.1"," 19.0","  88.0"," ","  54.0"," "," 0.00","G","999.9","000000"
"72483023232","2021-07-15","38.50659","-121.49604","5.9","SACRAMENTO AIRPORT ASOS, CA US","  67.9","24","  52.6","24","1012.6","24","011.8","24"," 10.0","24","  8.4","24"," 13.0"," 18.1","  88.0"," ","  54.0"," "," 0.00","G","999.9","000000"
"72483023232","2021-07-16","38.50659","-121.49604","5.9","SACRAMENTO AIRPORT ASOS, CA US","  67.9","24","  52.6","24","1012.0","24","011.1","24"," 10.0","24","  5.7","24","  8.9"," 15.9","  91.0"," ","  54.0"," "," 0.00","G","999.9","000000"
"72483023232","2021-07-17","38.50659","-121.49604","5.9","SACRAMENTO AIRPORT ASOS, CA US","  75.5","24","  52.9","24","1011.0","24","010.1","24"," 10.0","24","  5.0","23","  8.0","999.9","  97.0"," ","  59.0"," "," 0.00","G","999.9","000000"
"72483023232","2021-07-18","38.50659","-121.49604","5.9","SACRAMENTO AIRPORT ASOS, CA US","  79.0","24","  53.4","24","1012.2","24","011.3","24"," 10.0","24","  5.1","24","  9.9"," 15.0","  99.0"," ","  59.0"," "," 0.00","G","999.9","000000"
"72483023232","2021-07-19","38.50659","-121.49604","5.9","SACRAMENTO AIRPORT ASOS, CA US","  81.1","24","  51.1","24","1013.5","24","012.6","24"," 10.0","24","  6.8","23"," 11.1"," 17.1","  99.0"," ","  63.0"," "," 0.00","G","999.9","000000"
"72483023232","2021-07-20","38.50659","-121.49604","5.9","SACRAMENTO AIRPORT ASOS, CA US","  74.4","24","  53.5","24","1013.8","24","012.9","24"," 10.0","24","  7.9","24"," 12.0"," 18.1","  98.1"," ","  60.1"," "," 0.00","G","999.9","000000"
"72483023232","2021-07-21","38.50659","-121.49604","5.9","SACRAMENTO AIRPORT ASOS, CA US","  73.6","24","  51.9","24","1011.4","24","010.5","24"," 10.0","24","  5.5","23"," 12.0"," 15.9","  95.0"," ","  59.0"," "," 0.00","G","999.9","000000"
"72483023232","2021-07-22","38.50659","-121.49604","5.9","SACRAMENTO AIRPORT ASOS, CA US","  74.7","24","  51.4","24","1010.9","24","010.0","24"," 10.0","24","  6.1","24","  8.9"," 15.0","  95.0"," ","  59.0"," "," 0.00","G","999.9","000000"
"72483023232","2021-07-23","38.50659","-121.49604","5.9","SACRAMENTO AIRPORT ASOS, CA US","  75.5","24","  51.2","24","1013.1","24","012.2","24"," 10.0","24","  4.7","24","  9.9","999.9","  99.0"," ","  55.0"," "," 0.00","G","999.9","000000"
"72483023232","2021-07-24","38.50659","-121.49604","5.9","SACRAMENTO AIRPORT ASOS, CA US","  76.9","24","  51.2","24","1012.7","24","011.8","24"," 10.0","24","  5.4","24"," 12.0"," 17.1","  99.0"," ","  55.0"," "," 0.00","G","999.9","000000"
"72483023232","2021-07-25","38.50659","-121.49604","5.9","SACRAMENTO AIRPORT ASOS, CA US","  76.3","24","  51.6","24","1010.9","24","010.1","24"," 10.0","24","  6.1","24"," 11.1"," 15.0","  99.0"," ","  59.0"," "," 0.00","G","999.9","000000"
"72483023232","2021-07-26","38.50659","-121.49604","5.9","SACRAMENTO AIRPORT ASOS, CA US","  72.4","24","  49.5","24","1010.0","24","009.1","24"," 10.0","24","  8.3","24"," 14.0"," 22.0","  97.0"," ","  59.0"," "," 0.00","G","999.9","000000"
"72483023232","2021-07-27","38.50659","-121.49604","5.9","SACRAMENTO AIRPORT ASOS, CA US","  75.8","24","  46.7","24","1013.4","24","012.5","24"," 10.0","24","  6.4","24"," 15.9"," 22.9","  93.9"," ","  61.0"," "," 0.00","G","999.9","000000"
"72483023232","2021-07-28","38.50659","-121.49604","5.9","SACRAMENTO AIRPORT ASOS, CA US","  79.8","24","  55.0","24","1014.1","22","013.2","24","  8.3","24","  5.5","23"," 12.0","999.9"," 102.0"," ","  62.1"," "," 0.00","G","999.9","000000"
"72483023232","2021-07-29","38.50659","-121.49604","5.9","SACRAMENTO AIRPORT ASOS, CA US","  79.5","24","  56.1","24","1011.6","24","010.7","24"," 10.0","24","  5.5","24"," 13.0"," 15.9"," 102.0"," ","  62.1"," "," 0.00","G","999.9","000000"
"72483023232","2021-07-30","38.50659","-121.49604","5.9","SACRAMENTO AIRPORT ASOS, CA US","  80.6","24","  55.4","24","1009.7","24","008.8","24"," 10.0","24","  6.5","24"," 11.1","999.9"," 102.0"," ","  64.0"," "," 0.00","G","999.9","000000"
"72483023232","2021-07-31","38.50659","-121.49604","5.9","SACRAMENTO AIRPORT ASOS, CA US","  75.8","24","  54.0","24","1012.4","24","011.5","24"," 10.0","24","  7.8","24"," 11.1"," 17.1"," 102.9"," ","  62.1"," "," 0.00","G","999.9","000000"
"72483023232","2021-08-01","38.50659","-121.49604","5.9","SACRAMENTO AIRPORT ASOS, CA US","  74.0","24","  53.7","24","1014.7","24","013.8","24"," 10.0","24","  6.7","24"," 13.0"," 19.0","  93.9"," ","  60.1"," "," 0.00","G","999.9","000000"
"72483023232","2021-08-02","38.50659","-121.49604","5.9","SACRAMENTO AIRPORT ASOS, CA US","  72.6","24","  48.5","24","1016.4","24","015.6","24"," 10.0","24","  7.9","23"," 11.1"," 17.1","  95.0"," ","  59.0"," "," 0.00","G","999.9","000000"
"72483023232","2021-08-03","38.50659","-121.49604","5.9","SACRAMENTO AIRPORT ASOS, CA US","  74.6","24","  49.7","24","1014.6","24","013.7","24"," 10.0","24","  4.6","24","  7.0","999.9","  99.0"," ","  55.9"," "," 0.00","G","999.9","000000"
"72483023232","2021-08-04","38.50659","-121.49604","5.9","SACRAMENTO AIRPORT ASOS, CA US","  74.6","24","  51.0","24","1011.5","24","010.6","24"," 10.0","24","  6.2","24"," 12.0","999.9"," 100.0"," ","  55.9"," "," 0.00","G","999.9","000000"
"72483023232","2021-08-05","38.50659","-121.49604","5.9","SACRAMENTO AIRPORT ASOS, CA US","  68.2","24","  54.7","24","1012.6","20","012.0","24"," 10.0","24","  8.5","24"," 14.0"," 29.9","  86.0","*","  57.2","*"," 0.00","G","999.9","000000"
"72483023232","2021-08-06","38.50659","-121.49604","5.9","SACRAMENTO AIRPORT ASOS, CA US","  71.4","24","  55.4","24","1012.9","24","012.0","24","  9.0","24","  3.0","24"," 11.1","999.9","  93.9"," ","  57.0"," "," 0.00","G","999.9","000000"
"72483023232","2021-08-07","38.50659","-121.49604","5.9","SACRAMENTO AIRPORT ASOS, CA US","  76.6","24","  55.5","24","1010.4","23","009.5","24","  8.0","24","  4.0","24","  6.0","999.9","  93.9"," ","  57.0"," "," 0.00","G","999.9","000000"
"72483023232","2021-08-08","38.50659","-121.49604","5.9","SACRAMENTO AIRPORT ASOS, CA US","  74.9","24","  55.9","24","1009.2","24","008.3","24"," 10.0","24","  6.0","24","  9.9"," 15.0","  91.9"," ","  60.1"," "," 0.00","G","999.9","000000"
"72483023232","2021-08-09","38.50659","-121.49604","5.9","SACRAMENTO AIRPORT ASOS, CA US","  74.0","24","  52.7","24","1009.7","24","008.8","24"," 10.0","24","  5.6","24","  8.0"," 14.0","  93.9"," ","  60.1"," "," 0.00","G","999.9","000000"
"72483023232","2021-08-10","38.50659","-121.49604","5.9","SACRAMENTO AIRPORT ASOS, CA US","  76.6","24","  50.7","24","1010.5","22","009.9","24","  9.7","24","  4.3","21","  8.9","999.9"," 100.0"," ","  60.1"," "," 0.00","G","999.9","000000"
"72483023232","2021-08-11","38.50659","-121.49604","5.9","SACRAMENTO AIRPORT ASOS, CA US","  81.1","24","  51.6","24","1011.4","24","010.5","24"," 10.0","24","  4.2","24","  9.9","999.9"," 100.0"," ","  61.0"," "," 0.00","G","999.9","000000"
"72483023232","2021-08-12","38.50659","-121.49604","5.9","SACRAMENTO AIRPORT ASOS, CA US","  74.7","24","  54.2","24","1011.8","24","010.9","24"," 10.0","24","  4.8","24","  9.9"," 15.9"," 100.0"," ","  61.0"," "," 0.00","G","999.9","000000"
"72483023232","2021-08-13","38.50659","-121.49604","5.9","SACRAMENTO AIRPORT ASOS, CA US","  73.1","24","  55.0","24","1013.4","24","012.5","24"," 10.0","24","  5.9","23"," 11.1"," 19.0","  93.9"," ","  60.1"," "," 0.00","G","999.9","000000"
"72483023232","2021-08-14","38.50659","-121.49604","5.9","SACRAMENTO AIRPORT ASOS, CA US","  77.3","24","  56.5","24","1014.8","24","014.0","24"," 10.0","24","  4.1","24","  8.9"," 14.0"," 100.0"," ","  60.1"," "," 0.00","G","999.9","000000"
"72483023232","2021-08-15","38.50659","-121.49604","5.9","SACRAMENTO AIRPORT ASOS, CA US","  75.5","24","  58.4","24","1012.8","24","011.9","24","  9.7","24","  4.2","24"," 11.1"," 15.0"," 100.0"," ","  62.1"," "," 0.00","G","999.9","000000"
"72483023232","2021-08-16","38.50659","-121.49604","5.9","SACRAMENTO AIRPORT ASOS, CA US","  77.2","24","  59.0","24","1007.5","24","006.6","24","  8.3","24","  4.8","24","  9.9"," 15.9","  98.1"," ","  62.1"," "," 0.00","G","999.9","000000"
"72483023232","2021-08-17","38.50659","-121.49604","5.9","SACRAMENTO AIRPORT ASOS, CA US","  74.4","24","  54.8","24","1005.4","24","004.5","24"," 10.0","24","  7.3","24","  9.9"," 15.0","  98.1"," ","  63.0"," "," 0.00","G","999.9","000000"
"72483023232","2021-08-18","38.50659","-121.49604","5.9","SACRAMENTO AIRPORT ASOS, CA US","  69.7","24","  49.9","24","1006.7","19","006.3","24","  6.0","24","  3.9","24"," 11.1","999.9","  86.0"," ","  55.0"," "," 0.00","G","999.9","000000"
"72483023232","2021-08-19","38.50659","-121.49604","5.9","SACRAMENTO AIRPORT ASOS, CA US","  69.5","24","  52.6","24","1010.1","18","009.5","24","  7.1","24","  3.6","24","  9.9","999.9","  87.1"," ","  54.0"," "," 0.00","G","999.9","000000"
"72483023232","2021-08-20","38.50659","-121.49604","5.9","SACRAMENTO AIRPORT ASOS, CA US","  68.7","24","  55.5","24","1009.2","24","008.2","24","  7.4","24","  4.9","24","  8.9"," 17.1","  87.1"," ","  54.0"," "," 0.00","G","999.9","000000"
"72483023232","2021-08-21","38.50659","-121.49604","5.9","SACRAMENTO AIRPORT ASOS, CA US","  66.1","24","  55.6","24","1007.0","22","006.1","24","  7.8","24","  9.8","24"," 14.0"," 22.0","  84.0"," ","  57.9"," "," 0.00","G","999.9","000000"
"72483023232","2021-08-22","38.50659","-121.49604","5.9","SACRAMENTO AIRPORT ASOS, CA US","  65.5","24","  55.0","24","1008.3","24","007.4","24"," 10.0","24","  5.6","24"," 11.1"," 19.0","  84.0"," ","  54.0"," "," 0.00","G","999.9","000000"
"72483023232","2021-08-23","38.50659","-121.49604","5.9","SACRAMENTO AIRPORT ASOS, CA US","  67.7","24","  54.3","24","1008.6","24","007.7","24","  9.9","24","  6.4","24"," 11.1"," 17.1","  84.9"," ","  54.0"," "," 0.00","G","999.9","000000"
"72483023232","2021-08-24","38.50659","-121.49604","5.9","SACRAMENTO AIRPORT ASOS, CA US","  66.7","24","  49.4","24","1010.8","24","010.0","24"," 10.0","24","  7.3","24"," 11.1","999.9","  86.0"," ","  54.0"," "," 0.00","G","999.9","000000"
"72483023232","2021-08-25","38.50659","-121.49604","5.9","SACRAMENTO AIRPORT ASOS, CA US","  68.1","24","  49.7","24","1013.1","24","012.2","24"," 10.0","24","  7.2","24"," 12.0","999.9","  88.0"," ","  54.0"," "," 0.00","G","999.9","000000"
"72483023232","2021-08-26","38.50659","-121.49604","5.9","SACRAMENTO AIRPORT ASOS, CA US","  71.9","24","  49.5","24","1013.1","24","012.2","24","  9.9","24","  4.1","23","  8.0","999.9","  96.1"," ","  54.0"," "," 0.00","G","999.9","000000"
"72483023232","2021-08-27","38.50659","-121.49604","5.9","SACRAMENTO AIRPORT ASOS, CA US","  77.0","24","  49.6","24","1008.3","22","007.3","24","  7.8","24","  3.7","24","  9.9","999.9","  98.1"," ","  54.0"," "," 0.00","G","999.9","000000"
"72483023232","2021-08-28","38.50659","-121.49604","5.9","SACRAMENTO AIRPORT ASOS, CA US","  79.5","24","  49.9","24","1005.4","20","004.5","24","  3.3","24","  1.8","24","  5.1","999.9"," 100.0"," ","  59.0"," "," 0.00","G","999.9","000000"
"72483023232","2021-08-29","38.50659","-121.49604","5.9","SACRAMENTO AIRPORT ASOS, CA US","  79.8","24","  52.8","24","1006.6","23","005.6","24","  6.2","24","  1.7","24","  7.0","999.9"," 100.9"," ","  60.1"," "," 0.00","G","999.9","000000"
"72483023232","2021-08-30","38.50659","-121.49604","5.9","SACRAMENTO AIRPORT ASOS, CA US","  78.2","24","  52.4","24","1005.6","24","004.7","24","  7.1","24","  5.0","24","  9.9","999.9"," 100.9"," ","  62.1"," "," 0.00","G","999.9","000000"
"72483023232","2021-08-31","38.50659","-121.49604","5.9","SACRAMENTO AIRPORT ASOS, CA US","  74.7","24","  51.9","24","1003.6","24","002.8","24","  9.8","24","  6.5","24"," 11.1"," 15.9","  99.0"," ","  59.0"," "," 0.00","G","999.9","000000"
"72483023232","2021-09-01","38.50659","-121.49604","5.9","SACRAMENTO AIRPORT ASOS, CA US","  65.7","24","  51.9","24","1006.2","24","005.2","24","  9.8","24"," 10.0","24"," 15.9"," 21.0","  90.0"," ","  55.9"," "," 0.00","G","999.9","000000"
"72483023232","2021-09-02","38.50659","-121.49604","5.9","SACRAMENTO AIRPORT ASOS, CA US","  63.5","24","  50.7","24","1011.3","24","010.4","24","  9.2","24","  6.2","24"," 12.0"," 19.0","  82.9"," ","  53.1"," "," 0.00","G","999.9","000000"
"72483023232","2021-09-03","38.50659","-121.49604","5.9","SACRAMENTO AIRPORT ASOS, CA US","  66.5","24","  51.5","24","1012.7","24","011.9","24","  9.4","24","  3.3","24","  8.9","999.9","  89.1"," ","  52.0"," "," 0.00","G","999.9","000000"
"72483023232","2021-09-04","38.50659","-121.49604","5.9","SACRAMENTO AIRPORT ASOS, CA US","  72.3","24","  49.7","24","1012.4","24","011.6","24","  9.4","24","  3.0","24","  6.0","999.9","  95.0"," ","  52.0"," "," 0.00","G","999.9","000000"
"72483023232","2021-09-05","38.50659","-121.49604","5.9","SACRAMENTO AIRPORT ASOS, CA US","  76.4","24","  46.5","24","1012.1","24","011.2","24","  9.7","24","  3.1","24","  7.0","999.9","  99.0"," ","  53.1"," "," 0.00","G","999.9","000000"
"72483023232","2021-09-06","38.50659","-121.49604","5.9","SACRAMENTO AIRPORT ASOS, CA US","  78.6","24","  44.7","24","1012.1","24","011.2","24","  7.9","24","  2.6","23","  8.0","999.9"," 102.9"," ","  57.9"," "," 0.00","G","999.9","000000"
"72483023232","2021-09-07","38.50659","-121.49604","5.9","SACRAMENTO AIRPORT ASOS, CA US","  81.6","24","  46.8","24","1011.6","24","010.7","24"," 10.0","24","  2.6","23","  8.0","999.9"," 102.9"," ","  57.9"," "," 0.00","G","999.9","000000"
"72483023232","2021-09-08","38.50659","-121.49604","5.9","SACRAMENTO AIRPORT ASOS, CA US","  81.0","24","  53.8","24","1010.0","24","009.2","24"," 10.0","24","  3.0","24","  7.0","999.9"," 105.1"," ","  62.1"," "," 0.00","G","999.9","000000"
"72483023232","2021-09-09","38.50659","-121.49604","5.9","SACRAMENTO AIRPORT ASOS, CA US","  80.6","24","  53.3","24","1007.7","24","006.8","24"," 10.0","24","  5.1","24"," 11.1"," 19.0"," 105.1"," ","  63.0"," "," 0.00","G","999.9","000000"
"72483023232","2021-09-10","38.50659","-121.49604","5.9","SACRAMENTO AIRPORT ASOS, CA US","  73.1","24","  56.1","24","1010.6","23","009.8","24"," 10.0","24","  4.9","24"," 15.0"," 19.0","  97.0"," ","  63.0"," "," 0.01","G","999.9","010010"
"72483023232","2021-09-11","38.50659","-121.49604","5.9","SACRAMENTO AIRPORT ASOS, CA US","  72.4","24","  54.1","24","1014.1","24","013.2","24"," 10.0","24","  3.6","24","  8.0","999.9","  93.0"," ","  55.9"," "," 0.04","G","999.9","000000"
"72483023232","2021-09-12","38.50659","-121.49604","5.9","SACRAMENTO AIRPORT ASOS, CA US","  75.2","24","  52.8","24","1012.6","24","011.8","24"," 10.0","24","  2.9","23","  6.0","999.9","  96.1"," ","  55.9"," "," 0.00","G","999.9","000000"
"72483023232","2021-09-13","38.50659","-121.49604","5.9","SACRAMENTO AIRPORT ASOS, CA US","  78.1","24","  51.3","24","1010.5","24","009.6","24"," 10.0","24","  2.8","24","  8.0","999.9","  97.0"," ","  60.1"," "," 0.00","G","999.9","000000"
"72483023232","2021-09-14","38.50659","-121.49604","5.9","SACRAMENTO AIRPORT ASOS, CA US","  76.2","24","  51.6","24","1009.6","24","008.7","24","  9.9","24","  2.9","24","  7.0","999.9","  97.0"," ","  57.9"," "," 0.00","G","999.9","000000"
"72483023232","2021-09-15","38.50659","-121.49604","5.9","SACRAMENTO AIRPORT ASOS, CA US","  71.0","24","  51.7","24","1010.0","24","009.2","24"," 10.0","24","  5.7","24","  8.9","999.9","  97.0"," ","  57.0"," "," 0.00","G","999.9","000000"
"72483023232","2021-09-16","38.50659","-121.49604","5.9","SACRAMENTO AIRPORT ASOS, CA US","  64.8","24","  53.2","24","1009.1","24","008.2","24"," 10.0","24","  7.7","24"," 11.1"," 20.0","  87.1"," ","  55.0"," "," 0.00","G","999.9","000000"
"72483023232","2021-09-17","38.50659","-121.49604","5.9","SACRAMENTO AIRPORT ASOS, CA US","  65.4","24","  53.3","24","1011.2","24","010.3","24","  9.9","24","  5.1","24","  8.9"," 25.1","  82.9"," ","  53.1"," "," 0.00","G","999.9","000000"
"72483023232","2021-09-18","38.50659","-121.49604","5.9","SACRAMENTO AIRPORT ASOS, CA US","  64.4","24","  53.9","24","1015.0","24","014.1","24"," 10.0","24","  8.6","24"," 13.0"," 17.1","  82.9"," ","  53.1"," "," 0.00","G","999.9","000000"
"72483023232","2021-09-19","38.50659","-121.49604","5.9","SACRAMENTO AIRPORT ASOS, CA US","  68.6","24","  54.7","24","1017.0","22","016.2","24"," 10.0","24","  7.5","24"," 15.9"," 22.0","  81.0"," ","  55.9"," "," 0.00","G","999.9","000000"
"72483023232","2021-09-20","38.50659","-121.49604","5.9","SACRAMENTO AIRPORT ASOS, CA US","  72.3","24","  42.9","24","1014.6","24","013.7","24"," 10.0","24","  7.6","24"," 13.0"," 15.9","  90.0"," ","  59.0"," "," 0.00","G","999.9","000000"
"72483023232","2021-09-21","38.50659","-121.49604","5.9","SACRAMENTO AIRPORT ASOS, CA US","  73.3","24","  46.3","24","1016.2","24","015.3","24"," 10.0","24","  1.2","24","  5.1","999.9","  95.0"," ","  55.9"," "," 0.00","G","999.9","000000"
"72483023232","2021-09-22","38.50659","-121.49604","5.9","SACRAMENTO AIRPORT ASOS, CA US","  76.0","24","  50.5","24","1017.2","24","016.3","24"," 10.0","24","  2.3","24","  7.0","999.9","  95.0"," ","  55.9"," "," 0.00","G","999.9","000000"
"72483023232","2021-09-23","38.50659","-121.49604","5.9","SACRAMENTO AIRPORT ASOS, CA US","  75.0","24","  48.2","24","1012.9","24","012.1","24"," 10.0","24","  5.6","24","  9.9","999.9","  98.1"," ","  55.9"," "," 0.00","G","999.9","000000"
"72483023232","2021-09-24","38.50659","-121.49604","5.9","SACRAMENTO AIRPORT ASOS, CA US","  75.6","24","  49.7","24","1010.7","24","009.8","24","  9.5","24","  3.7","24","  8.0","999.9","  98.1"," ","  55.9"," "," 0.00","G","999.9","000000"
"72483023232","2021-09-25","38.50659","-121.49604","5.9","SACRAMENTO AIRPORT ASOS, CA US","  71.2","24","  52.0","24","1012.4","24","011.6","24"," 10.0","24","  5.7","24","  8.9","999.9","  95.0"," ","  57.0"," "," 0.00","G","999.9","000000"
"72483023232","2021-09-26","38.50659","-121.49604","5.9","SACRAMENTO AIRPORT ASOS, CA US","  65.4","24","  52.7","24","1013.8","24","012.9","24"," 10.0","24","  8.6","24"," 13.0"," 22.9","  87.1"," ","  55.9"," "," 0.00","G","999.9","000000"
"72483023232","2021-09-27","38.50659","-121.49604","5.9","SACRAMENTO AIRPORT ASOS, CA US","  64.4","24","  54.1","24","1015.3","24","014.4","24"," 10.0","24","  7.1","24"," 12.0"," 20.0","  80.1"," ","  55.9"," "," 0.00","G","999.9","000000"
"72483023232","2021-09-28","38.50659","-121.49604","5.9","SACRAMENTO AIRPORT ASOS, CA US","  65.8","24","  44.7","24","1015.9","24","015.0","24"," 10.0","24"," 10.1","24"," 18.1"," 22.9","  80.1"," ","  54.0"," "," 0.00","G","999.9","000000"
"72483023232","2021-09-29","38.50659","-121.49604","5.9","SACRAMENTO AIRPORT ASOS, CA US","  64.8","24","  35.8","24","1014.3","24","013.5","24"," 10.0","24","  5.6","24"," 11.1","999.9","  84.9"," ","  46.9"," "," 0.00","G","999.9","000000"
"72483023232","2021-09-30","38.50659","-121.49604","5.9","SACRAMENTO AIRPORT ASOS, CA US","  66.0","24","  40.5","24","1015.0","24","014.2","24"," 10.0","24","  2.7","24","  7.0","999.9","  88.0"," ","  46.9"," "," 0.00","G","999.9","000000"
"72483023232","2021-10-01","38.50659","-121.49604","5.9","SACRAMENTO AIRPORT ASOS, CA US","  68.4","24","  41.6","24","1014.4","24","013.5","24"," 10.0","24","  1.5","24","  4.1","999.9","  89.1"," ","  48.0"," "," 0.00","G","999.9","000000"
"72483023232","2021-10-02","38.50659","-121.49604","5.9","SACRAMENTO AIRPORT ASOS, CA US","  69.8","24","  43.5","24","1014.9","24","014.0","24"," 10.0","24","  1.2","24","  6.0","999.9","  90.0"," ","  51.1"," "," 0.00","G","999.9","000000"
"72483023232","2021-10-03","38.50659","-121.49604","5.9","SACRAMENTO AIRPORT ASOS, CA US","  69.7","24","  44.3","24","1014.3","24","013.4","24"," 10.0","24","  1.8","23","  4.1","999.9","  90.0"," ","  53.1"," "," 0.00","G","999.9","000000"
"72483023232","2021-10-04","38.50659","-121.49604","5.9","SACRAMENTO AIRPORT ASOS, CA US","  68.6","24","  45.0","24","1012.2","24","011.3","24","  9.5","24","  1.3","24","  4.1","999.9","  90.0"," ","  52.0"," "," 0.00","G","999.9","000000"
"72483023232","2021-10-05","38.50659","-121.49604","5.9","SACRAMENTO AIRPORT ASOS, CA US","  69.3","24","  44.4","24","1011.5","24","010.7","24"," 10.0","24","  5.4","24"," 14.0"," 19.0","  89.1"," ","  52.0"," "," 0.00","G","999.9","000000"
"72483023232","2021-10-06","38.50659","-121.49604","5.9","SACRAMENTO AIRPORT ASOS, CA US","  63.7","24","  51.4","24","1013.9","24","013.1","24"," 10.0","24","  7.7","24"," 12.0"," 18.1","  82.0"," ","  55.9"," "," 0.00","G","999.9","000000"
"72483023232","2021-10-07","38.50659","-121.49604","5.9","SACRAMENTO AIRPORT ASOS, CA US","  61.3","24","  44.8","24","1014.0","24","013.1","24"," 10.0","24","  6.5","24"," 12.0"," 15.0","  75.0"," ","  54.0"," "," 0.00","G","999.9","000000"
"72483023232","2021-10-08","38.50659","-121.49604","5.9","SACRAMENTO AIRPORT ASOS, CA US","  58.5","24","  46.6","24","1015.8","21","015.0","24"," 10.0","24","  7.6","24"," 12.0"," 18.1","  73.0"," ","  53.1"," "," 0.00","G","999.9","000000"
"72483023232","2021-10-09","38.50659","-121.49604","5.9","SACRAMENTO AIRPORT ASOS, CA US","  58.4","24","  44.8","24","1020.8","24","020.0","24"," 10.0","24","  6.3","24"," 11.1"," 18.1","  75.0"," ","  46.0"," "," 0.00","G","999.9","000000"
"72483023232","2021-10-10","38.50659","-121.49604","5.9","SACRAMENTO AIRPORT ASOS, CA US","  60.2","24","  43.5","24","1019.1","24","018.2","24"," 10.0","24","  2.2","24","  7.0","999.9","  79.0"," ","  46.0"," "," 0.00","G","999.9","000000"
"72483023232","2021-10-11","38.50659","-121.49604","5.9","SACRAMENTO AIRPORT ASOS, CA US","  63.4","24","  33.4","24","1013.1","23","012.3","24","  9.8","24"," 13.2","24"," 25.1"," 36.9","  79.0"," ","  46.0"," "," 0.00","G","999.9","000000"
"72483023232","2021-10-12","38.50659","-121.49604","5.9","SACRAMENTO AIRPORT ASOS, CA US","  59.5","24","  22.1","24","1015.6","24","014.8","24"," 10.0","24"," 14.2","24"," 18.1"," 26.0","  71.1"," ","  50.0"," "," 0.00","G","999.9","000000"
"72483023232","2021-10-13","38.50659","-121.49604","5.9","SACRAMENTO AIRPORT ASOS, CA US","  55.7","24","  29.9","24","1015.4","24","014.5","24"," 10.0","24","  3.1","24","  8.0","999.9","  72.0"," ","  44.1"," "," 0.00","G","999.9","010000"
"72483023232","2021-10-14","38.50659","-121.49604","5.9","SACRAMENTO AIRPORT ASOS, CA US","  58.1","24","  34.0","24","1017.4","24","016.6","24"," 10.0","24","  4.5","24"," 14.0"," 18.1","  78.1"," ","  43.0"," "," 0.00","G","999.9","000000"
"72483023232","2021-10-15","38.50659","-121.49604","5.9","SACRAMENTO AIRPORT ASOS, CA US","  58.9","24","  35.8","24","1019.7","24","018.9","24"," 10.0","24","  1.2","24","  8.0","999.9","  80.1"," ","  42.1"," "," 0.00","G","999.9","000000"
"72483023232","2021-10-16","38.50659","-121.49604","5.9","SACRAMENTO AIRPORT ASOS, CA US","  61.1","24","  39.1","24","1017.3","24","016.4","24"," 10.0","24","  1.4","24","  5.1","999.9","  82.9"," ","  42.1"," "," 0.00","G","999.9","000000"
"72483023232","2021-10-17","38.50659","-121.49604","5.9","SACRAMENTO AIRPORT ASOS, CA US","  60.4","24","  41.0","24","1011.6","24","010.8","24"," 10.0","24","  4.7","24"," 14.0"," 24.1","  82.9"," ","  45.0"," "," 0.00","G","999.9","000000"
"72483023232","2021-10-18","38.50659","-121.49604","5.9","SACRAMENTO AIRPORT ASOS, CA US","  53.4","24","  45.1","24","1014.1","24","013.2","24"," 10.0","24","  5.5","24"," 19.0"," 29.9","  75.9"," ","  44.1"," "," 0.04","G","999.9","010000"
"72483023232","2021-10-19","38.50659","-121.49604","5.9","SACRAMENTO AIRPORT ASOS, CA US","  51.7","24","  40.9","24","1016.3","24","015.5","24"," 10.0","24","  1.6","24","  8.9","999.9","  68.0"," ","  39.9"," "," 0.00","G","999.9","000000"
"72483023232","2021-10-20","38.50659","-121.49604","5.9","SACRAMENTO AIRPORT ASOS, CA US","  60.9","24","  44.8","24","1016.6","24","015.7","24"," 10.0","24","  3.3","24","  8.0","999.9","  68.0","*","  57.0","*"," 0.00","G","999.9","010000"
"72483023232","2021-10-21","38.50659","-121.49604","5.9","SACRAMENTO AIRPORT ASOS, CA US","  62.2","24","  56.1","24","1018.5","21","017.9","24","  8.8","24","  3.0","24","  9.9","999.9","  73.9"," ","  55.9"," "," 0.01","G","999.9","010000"
"72483023232","2021-10-22","38.50659","-121.49604","5.9","SACRAMENTO AIRPORT ASOS, CA US","  61.9","24","  57.2","24","1015.2","23","014.4","24","  9.3","24","  6.3","24"," 11.1"," 18.1","  73.9"," ","  55.9"," "," 0.32","G","999.9","010000"
"72483023232","2021-10-23","38.50659","-121.49604","5.9","SACRAMENTO AIRPORT ASOS, CA US","  57.9","24","  51.3","24","1014.1","23","013.2","24"," 10.0","24","  4.1","24","  8.9","999.9","  66.9"," ","  52.0"," "," 0.28","G","999.9","010000"
"72483023232","2021-10-24","38.50659","-121.49604","5.9","SACRAMENTO AIRPORT ASOS, CA US","  57.1","24","  53.8","24","1007.2","16","005.3","24","  5.0","24"," 10.5","23"," 20.0"," 29.9","  64.0"," ","  52.0"," "," 0.77","G","999.9","010000"
"72483023232","2021-10-25","38.50659","-121.49604","5.9","SACRAMENTO AIRPORT ASOS, CA US","  58.1","24","  54.0","24","1005.9","20","004.1","24","  6.9","24","  6.5","24","  9.9"," 17.1","  66.0"," ","  54.0"," "," 4.95","G","999.9","010000"
"72483023232","2021-10-26","38.50659","-121.49604","5.9","SACRAMENTO AIRPORT ASOS, CA US","  56.1","24","  49.2","24","1019.3","24","018.4","24"," 10.0","24","  5.4","24","  8.0","999.9","  66.9"," ","  50.0"," "," 0.05","G","999.9","000000"
"72483023232","2021-10-27","38.50659","-121.49604","5.9","SACRAMENTO AIRPORT ASOS, CA US","  60.0","24","  53.2","24","1025.4","24","024.5","24"," 10.0","24","  3.3","24"," 13.0","999.9","  72.0"," ","  50.0"," "," 0.00","G","999.9","000000"
"72483023232","2021-10-28","38.50659","-121.49604","5.9","SACRAMENTO AIRPORT ASOS, CA US","  59.9","24","  54.8","24","1021.9","18","021.1","24","  7.3","24","  3.0","24"," 13.0","999.9","  73.9"," ","  48.9"," "," 0.00","G","999.9","000000"
"72483023232","2021-10-29","38.50659","-121.49604","5.9","SACRAMENTO AIRPORT ASOS, CA US","  59.9","24","  55.8","24","1015.7","16","015.0","24","  4.7","24","  0.5","24","  4.1","999.9","  73.9"," ","  48.9"," "," 0.00","G","999.9","100000"
"72483023232","2021-10-30","38.50659","-121.49604","5.9","SACRAMENTO AIRPORT ASOS, CA US","  61.9","24","  57.5","24","1012.6","21","011.8","24","  9.3","24","  5.5","24"," 12.0","999.9","  73.9"," ","  50.0"," "," 0.00","G","999.9","000000"
"72483023232","2021-10-31","38.50659","-121.49604","5.9","SACRAMENTO AIRPORT ASOS, CA US","  57.5","24","  50.9","24","1015.0","24","014.1","24","  9.9","24","  4.0","24","  9.9","999.9","  69.1"," ","  46.9"," "," 0.00","G","999.9","000000"
"72483023232","2021-11-01","38.50659","-121.49604","5.9","SACRAMENTO AIRPORT ASOS, CA US","  57.9","24","  53.1","24","1016.5","23","015.7","24","  8.2","24","  2.6","24","  8.0","999.9","  66.9"," ","  46.9"," "," 0.00","G","999.9","010000"
"72483023232","2021-11-02","38.50659","-121.49604","5.9","SACRAMENTO AIRPORT ASOS, CA US","  61.9","24","  58.1","24","1021.6","19","020.9","24","  6.5","24","  2.6","24","  7.0","999.9","  70.0"," ","  52.0"," "," 0.02","G","999.9","000000"
"72483023232","2021-11-03","38.50659","-121.49604","5.9","SACRAMENTO AIRPORT ASOS, CA US","  59.4","24","  53.9","24","1021.3","24","020.4","24"," 10.0","24","  1.1","24","  5.1","999.9","  72.0"," ","  48.0"," "," 0.00","G","999.9","000000"
"72483023232","2021-11-04","38.50659","-121.49604","5.9","SACRAMENTO AIRPORT ASOS, CA US","  61.6","24","  55.2","24","1019.2","21","018.3","24","  9.2","24","  4.7","24","  8.9","999.9","  72.0"," ","  48.0"," "," 0.04","G","999.9","010000"
"72483023232","2021-11-05","38.50659","-121.49604","5.9","SACRAMENTO AIRPORT ASOS, CA US","  54.0","24","  50.0","24","1018.5","16","017.8","24","  7.2","24","  1.4","24","  5.1","999.9","  69.1"," ","  44.1"," "," 0.01","G","999.9","100000"
"72483023232","2021-11-06","38.50659","-121.49604","5.9","SACRAMENTO AIRPORT ASOS, CA US","  56.0","24","  50.8","24","1018.8","24","018.0","24"," 10.0","24","  2.6","24","  7.0","999.9","  64.9"," ","  44.1"," "," 0.00","G","999.9","000000"
"72483023232","2021-11-07","38.50659","-121.49604","5.9","SACRAMENTO AIRPORT ASOS, CA US","  53.6","24","  43.1","24","1021.3","24","020.4","24"," 10.0","24","  6.1","24"," 11.1"," 15.0","  63.0"," ","  45.0"," "," 0.00","G","999.9","000000"
"72483023232","2021-11-08","38.50659","-121.49604","5.9","SACRAMENTO AIRPORT ASOS, CA US","  49.0","24","  40.1","24","1019.2","24","018.4","24","  9.9","24","  1.7","24","  6.0","999.9","  62.1"," ","  37.9"," "," 0.00","G","999.9","000000"
"72483023232","2021-11-09","38.50659","-121.49604","5.9","SACRAMENTO AIRPORT ASOS, CA US","  55.2","24","  49.8","24","1018.5","18","017.7","24","  6.9","24","  9.4","24"," 17.1"," 28.9","  62.1"," ","  37.9"," "," 0.51","G","999.9","010000"
"72483023232","2021-11-10","38.50659","-121.49604","5.9","SACRAMENTO AIRPORT ASOS, CA US","  55.7","24","  53.8","24","1025.5","17","024.8","24","  4.5","24","  2.5","24","  8.0","999.9","  64.0"," ","  48.9"," "," 0.08","G","999.9","100000"
"72483023232","2021-11-11","38.50659","-121.49604","5.9","SACRAMENTO AIRPORT ASOS, CA US","  54.6","24","  51.8","24","1025.3","20","024.5","24","  7.1","24","  2.5","24","  6.0","999.9","  64.9"," ","  45.0"," "," 0.00","G","999.9","100000"
"72483023232","2021-11-12","38.50659","-121.49604","5.9","SACRAMENTO AIRPORT ASOS, CA US","  52.8","24","  51.8","24","1023.4","10","023.2","24","  2.5","24","  1.8","23","  6.0","999.9","  64.9"," ","  45.0"," "," 0.00","G","999.9","100000"
"72483023232","2021-11-13","38.50659","-121.49604","5.9","SACRAMENTO AIRPORT ASOS, CA US","  53.7","24","  53.4","24","1022.8","15","022.0","24","  0.7","24","  2.0","24","  6.0","999.9","  60.1"," ","  45.0"," "," 0.00","G","999.9","100000"
"72483023232","2021-11-14","38.50659","-121.49604","5.9","SACRAMENTO AIRPORT ASOS, CA US","  53.1","24","  52.5","24","1022.2","13","021.4","24","  1.7","24","  2.0","24","  5.1","999.9","  59.0"," ","  51.1"," "," 0.00","G","999.9","100000"
"72483023232","2021-11-15","38.50659","-121.49604","5.9","SACRAMENTO AIRPORT ASOS, CA US","  54.2","24","  53.2","24","1020.3","15","019.6","24","  1.8","24","  1.6","24","  5.1","999.9","  59.0"," ","  51.1"," "," 0.00","G","999.9","100000"
"72483023232","2021-11-16","38.50659","-121.49604","5.9","SACRAMENTO AIRPORT ASOS, CA US","  55.9","24","  52.9","24","1019.3","18","018.5","24","  4.6","24","  4.7","24","  9.9","999.9","  63.0"," ","  52.0"," "," 0.00","G","999.9","000000"
"72483023232","2021-11-17","38.50659","-121.49604","5.9","SACRAMENTO AIRPORT ASOS, CA US","  51.2","24","  48.6","24","1017.9","17","017.1","24","  4.2","24","  1.2","24","  6.0","999.9","  63.0"," ","  42.1"," "," 0.00","G","999.9","100000"
"72483023232","2021-11-18","38.50659","-121.49604","5.9","SACRAMENTO AIRPORT ASOS, CA US","  49.1","24","  47.5","24","1019.0","13","018.2","24","  3.2","24","  1.0","24","  6.0","999.9","  61.0"," ","  41.0"," "," 0.00","G","999.9","100000"
"72483023232","2021-11-19","38.50659","-121.49604","5.9","SACRAMENTO AIRPORT ASOS, CA US","  54.3","24","  52.1","24","1019.9","19","019.2","24","  4.0","24","  2.3","24","  8.9","999.9","  61.0"," ","  41.0"," "," 0.00","G","999.9","110000"
"72483023232","2021-11-20","38.50659","-121.49604","5.9","SACRAMENTO AIRPORT ASOS, CA US","  54.0","24","  48.4","24","1021.9","20","020.8","24","  9.6","24","  5.6","24","  8.9","999.9","  64.9"," ","  43.0"," "," 0.02","G","999.9","010000"
"72483023232","2021-11-21","38.50659","-121.49604","5.9","SACRAMENTO AIRPORT ASOS, CA US","  49.9","24","  43.2","24","1023.3","22","022.4","24","  7.9","24","  1.0","24","  6.0","999.9","  64.9"," ","  37.9"," "," 0.00","G","999.9","000000"
"72483023232","2021-11-22","38.50659","-121.49604","5.9","SACRAMENTO AIRPORT ASOS, CA US","  48.3","24","  42.6","24","1021.8","14","021.3","24","  6.5","24","  0.5","24","  5.1","999.9","  64.9"," ","  37.0"," "," 0.00","G","999.9","100000"
"72483023232","2021-11-23","38.50659","-121.49604","5.9","SACRAMENTO AIRPORT ASOS, CA US","  48.6","24","  45.6","24","1017.6","13","016.8","24","  4.2","24","  3.2","24"," 11.1","999.9","  64.9"," ","  37.0"," "," 0.00","G","999.9","100000"
"72483023232","2021-11-24","38.50659","-121.49604","5.9","SACRAMENTO AIRPORT ASOS, CA US","  53.5","24","  35.0","24","1020.3","24","019.4","24"," 10.0","24","  9.6","24"," 15.9"," 20.0","  64.0"," ","  39.9"," "," 0.00","G","999.9","000000"
"72483023232","2021-11-25","38.50659","-121.49604","5.9","SACRAMENTO AIRPORT ASOS, CA US","  47.0","24","  40.6","24","1027.0","19","026.2","24","  5.9","24","  0.9","24","  5.1","999.9","  64.0"," ","  35.1"," "," 0.00","G","999.9","000000"
"72483023232","2021-11-26","38.50659","-121.49604","5.9","SACRAMENTO AIRPORT ASOS, CA US","  49.7","24","  43.0","24","1025.4","22","024.6","24","  5.9","24","  1.8","24","  6.0","999.9","  64.9"," ","  35.1"," "," 0.00","G","999.9","000000"
"72483023232","2021-11-27","38.50659","-121.49604","5.9","SACRAMENTO AIRPORT ASOS, CA US","  51.1","24","  43.6","24","1021.1","24","020.2","24","  8.0","24","  0.3","24","  4.1","999.9","  66.9"," ","  39.0"," "," 0.00","G","999.9","000000"
"72483023232","2021-11-28","38.50659","-121.49604","5.9","SACRAMENTO AIRPORT ASOS, CA US","  51.8","24","  46.0","24","1022.9","22","022.0","24","  7.2","24","  2.0","24","  7.0","999.9","  66.9"," ","  41.0"," "," 0.00","G","999.9","000000"
"72483023232","2021-11-29","38.50659","-121.49604","5.9","SACRAMENTO AIRPORT ASOS, CA US","  51.4","24","  47.0","24","1021.9","16","021.3","24","  5.4","24","  1.6","24","  8.0","999.9","  66.9","*","  39.0","*"," 0.00","G","999.9","100000"
"72483023232","2021-11-30","38.50659","-121.49604","5.9","SACRAMENTO AIRPORT ASOS, CA US","  51.0","24","  47.6","24","1020.3","14","019.5","24","  4.9","24","  0.9","24","  4.1","999.9","  66.0"," ","  39.0"," "," 0.00","G","999.9","100000"
"72483023232","2021-12-01","38.50659","-121.49604","5.9","SACRAMENTO AIRPORT ASOS, CA US","  51.8","24","  47.9","24","1019.6","11","019.2","24","  3.6","24","  0.2","24","  2.9","999.9","  70.0"," ","  39.0"," "," 0.00","G","999.9","100000"
"72483023232","2021-12-02","38.50659","-121.49604","5.9","SACRAMENTO AIRPORT ASOS, CA US","  51.4","24","  48.5","24","1018.8","12","018.4","24","  3.4","24","  0.8","24","  4.1","999.9","  70.0"," ","  39.9"," "," 0.00","G","999.9","100000"
"72483023232","2021-12-03","38.50659","-121.49604","5.9","SACRAMENTO AIRPORT ASOS, CA US","  49.2","24","  48.5","24","1018.8","14","017.9","24","  1.9","24","  1.4","24","  6.0","999.9","  66.9"," ","  42.1"," "," 0.00","G","999.9","100000"
"72483023232","2021-12-04","38.50659","-121.49604","5.9","SACRAMENTO AIRPORT ASOS, CA US","  47.4","24","  47.1","24","1020.8","15","020.4","24","  1.6","24","  2.2","24","  5.1","999.9","  59.0"," ","  43.0"," "," 0.00","G","999.9","100000"
"72483023232","2021-12-05","38.50659","-121.49604","5.9","SACRAMENTO AIRPORT ASOS, CA US","  49.6","24","  48.2","24","1024.7","15","024.0","24","  3.6","24","  1.8","24","  5.1","999.9","  54.0"," ","  43.0"," "," 0.00","G","999.9","000000"
"72483023232","2021-12-06","38.50659","-121.49604","5.9","SACRAMENTO AIRPORT ASOS, CA US","  46.4","24","  44.8","24","1021.8","18","021.3","24","  4.1","24","  1.1","24","  5.1","999.9","  54.0"," ","  41.0"," "," 0.00","G","999.9","000000"
"72483023232","2021-12-07","38.50659","-121.49604","5.9","SACRAMENTO AIRPORT ASOS, CA US","  48.9","24","  47.1","24","1016.6","15","015.8","24","  3.5","24","  3.1","24","  8.0","999.9","  54.0"," ","  41.0"," "," 0.06","G","999.9","010000"
"72483023232","2021-12-08","38.50659","-121.49604","5.9","SACRAMENTO AIRPORT ASOS, CA US","  48.8","24","  47.5","24","1017.6","12","016.7","24","  2.3","24","  2.8","24","  8.0","999.9","  54.0"," ","  45.0"," "," 0.02","G","999.9","100000"
"72483023232","2021-12-09","38.50659","-121.49604","5.9","SACRAMENTO AIRPORT ASOS, CA US","  51.8","24","  48.2","24","1013.9"," 9","013.1","24","  5.9","24","  5.3","24"," 12.0"," 18.1","  57.0"," ","  46.0"," "," 0.05","G","999.9","010000"
"72483023232","2021-12-10","38.50659","-121.49604","5.9","SACRAMENTO AIRPORT ASOS, CA US","  43.4","24","  34.2","24","1020.3","24","019.4","24"," 10.0","24","  3.9","24","  8.9","999.9","  57.0"," ","  33.1"," "," 0.14","G","999.9","000000"
"72483023232","2021-12-11","38.50659","-121.49604","5.9","SACRAMENTO AIRPORT ASOS, CA US","  41.4","24","  34.8","24","1023.7","24","022.8","24","  9.3","24","  1.4","24","  6.0","999.9","  55.0"," ","  30.9"," "," 0.00","G","999.9","000000"
"72483023232","2021-12-12","38.50659","-121.49604","5.9","SACRAMENTO AIRPORT ASOS, CA US","  48.7","24","  42.4","24","1016.8","21","015.7","24","  7.0","24","  5.5","24"," 11.1"," 18.1","  53.1","*","  46.0","*"," 0.00","G","999.9","010000"
"72483023232","2021-12-13","38.50659","-121.49604","5.9","SACRAMENTO AIRPORT ASOS, CA US","  48.8","24","  46.3","24","1009.0","16","007.9","24","  4.1","24"," 14.3","24"," 22.0"," 35.9","  51.1"," ","  46.0"," "," 0.62","G","999.9","010000"
"72483023232","2021-12-14","38.50659","-121.49604","5.9","SACRAMENTO AIRPORT ASOS, CA US","  46.1","24","  43.2","24","1008.6","12","007.0","24","  7.9","24","  6.8","24"," 19.0"," 33.0","  51.1"," ","  41.0"," "," 2.37","G","999.9","010000"
"72483023232","2021-12-15","38.50659","-121.49604","5.9","SACRAMENTO AIRPORT ASOS, CA US","  42.7","24","  38.2","24","1020.0","24","019.1","24","  9.9","24","  6.1","24"," 15.0"," 22.0","  51.1"," ","  36.0"," "," 0.03","G","999.9","010000"
"72483023232","2021-12-16","38.50659","-121.49604","5.9","SACRAMENTO AIRPORT ASOS, CA US","  46.2","24","  42.7","24","1017.8","18","017.4","24","  8.1","24"," 10.0","24"," 18.1"," 27.0","  51.1"," ","  37.0"," "," 0.54","G","999.9","010000"
"72483023232","2021-12-17","38.50659","-121.49604","5.9","SACRAMENTO AIRPORT ASOS, CA US","  41.9","24","  39.0","24","1023.4","19","023.1","24","  7.7","24","  4.0","24","  9.9","999.9","  51.1"," ","  33.1"," "," 0.11","G","999.9","100000"
"72483023232","2021-12-18","38.50659","-121.49604","5.9","SACRAMENTO AIRPORT ASOS, CA US","  38.0","24","  37.0","24","1026.0","16","025.4","24","  4.2","24","  1.9","24","  6.0","999.9","  44.1","*","  30.2","*"," 0.00","G","999.9","100000"
"72483023232","2021-12-19","38.50659","-121.49604","5.9","SACRAMENTO AIRPORT ASOS, CA US","  41.5","24","  39.5","24","1020.7","19","020.1","24","  3.8","24","  1.4","24","  5.1","999.9","  46.0"," ","  30.9"," "," 0.00","G","999.9","000000"
"72483023232","2021-12-20","38.50659","-121.49604","5.9","SACRAMENTO AIRPORT ASOS, CA US","  40.2","24","  38.2","24","1021.2","14","020.4","24","  2.9","24","  1.1","24","  6.0","999.9","  46.9"," ","  32.0"," "," 0.00","G","999.9","100000"
"72483023232","2021-12-21","38.50659","-121.49604","5.9","SACRAMENTO AIRPORT ASOS, CA US","  40.0","24","  38.4","24","1021.5","10","021.0","24","  3.4","24","  1.2","24","  5.1","999.9","  46.9"," ","  32.0"," "," 0.00","G","999.9","100000"
"72483023232","2021-12-22","38.50659","-121.49604","5.9","SACRAMENTO AIRPORT ASOS, CA US","  44.6","24","  43.0","24","1019.6","12","018.3","24","  3.4","24","  3.0","24","  8.0","999.9","  51.8","*","  42.1","*"," 0.34","G","999.9","110000"
"72483023232","2021-12-23","38.50659","-121.49604","5.9","SACRAMENTO AIRPORT ASOS, CA US","  51.6","24","  50.5","24","1008.9","13","008.1","24","  5.7","24","  6.6","24"," 14.0"," 22.0","  55.9"," ","  42.1"," "," 0.51","G","999.9","010000"
"72483023232","2021-12-24","38.50659","-121.49604","5.9","SACRAMENTO AIRPORT ASOS, CA US","  51.7","24","  48.3","24","1007.2","17","005.9","24","  7.9","24","  6.0","24"," 14.0"," 22.0","  55.9"," ","  48.0"," "," 0.85","G","999.9","010000"
"72483023232","2021-12-25","38.50659","-121.49604","5.9","SACRAMENTO AIRPORT ASOS, CA US","  48.5","24","  44.4","24","1010.6","22","009.8","24","  8.9","24","  9.6","24"," 15.0"," 22.9","  54.0"," ","  46.9"," "," 0.02","G","999.9","010000"
"72483023232","2021-12-26","38.50659","-121.49604","5.9","SACRAMENTO AIRPORT ASOS, CA US","  43.8","24","  39.2","24","1013.3","24","012.0","24","  9.9","24","  7.2","24"," 13.0"," 21.0","  50.0"," ","  39.0"," "," 0.35","G","999.9","010000"
"72483023232","2021-12-27","38.50659","-121.49604","5.9","SACRAMENTO AIRPORT ASOS, CA US","  45.4","24","  42.2","24","1013.5","18","012.6","24","  8.7","24","  6.9","24"," 11.1"," 19.0","  50.0"," ","  39.0"," "," 0.39","G","999.9","010000"
"72483023232","2021-12-28","38.50659","-121.49604","5.9","SACRAMENTO AIRPORT ASOS, CA US","  41.2","24","  36.2","24","1012.2","23","011.3","24"," 10.0","24","  1.9","24","  6.0","999.9","  50.0"," ","  36.0"," "," 0.12","G","999.9","010000"
"72483023232","2021-12-29","38.50659","-121.49604","5.9","SACRAMENTO AIRPORT ASOS, CA US","  42.9","24","  38.7","24","1008.9","19","007.8","24","  6.8","24","  7.1","24"," 13.0"," 21.0","  46.9"," ","  36.0"," "," 0.15","G","999.9","010000"
"72483023232","2021-12-30","38.50659","-121.49604","5.9","SACRAMENTO AIRPORT ASOS, CA US","  44.0","24","  40.6","24","1012.8","23","012.0","24","  9.5","24","  5.8","24","  9.9","999.9","  53.1"," ","  41.0"," "," 0.44","G","999.9","010000"
"72483023232","2021-12-31","38.50659","-121.49604","5.9","SACRAMENTO AIRPORT ASOS, CA US","  42.7","24","  39.4","24","1011.9","17","011.0","24","  7.9","24","  3.2","24"," 13.0","999.9","  53.1"," ","  35.1"," "," 0.00","G","999.9","100000"
